[
  {
    "id": "f7b0d26e-22ab-449d-98c7-1396d1c2810c",
    "data": [
      {
        "text": "라면 타이머 알려줘",
        "userDefined": false
      }
    ],
    "isTemplate": false,
    "count": 0
  },
  {
    "id": "2e8c0cf8-4f2e-4fed-800f-aa7a02eca8a0",
    "data": [
      {
        "text": "라면 끓이는 시간",
        "userDefined": false
      }
    ],
    "isTemplate": false,
    "count": 0
  },
  {
    "id": "a6e437b4-3954-4423-babe-9e80f4118795",
    "data": [
      {
        "text": "진라면",
        "alias": "ramen",
        "meta": "@ramen",
        "userDefined": false
      },
      {
        "text": " 조리예",
        "userDefined": false
      }
    ],
    "isTemplate": false,
    "count": 0
  },
  {
    "id": "01de4826-11ee-41fb-a9db-f83099fc645f",
    "data": [
      {
        "text": "라면 끓여줘",
        "userDefined": false
      }
    ],
    "isTemplate": false,
    "count": 0
  },
  {
    "id": "874e9f2a-1450-4a93-a684-3dd0515c3aed",
    "data": [
      {
        "text": "라면 카운트다운",
        "userDefined": false
      }
    ],
    "isTemplate": false,
    "count": 0
  },
  {
    "id": "57972334-74ec-44b3-a284-5639e2ee7139",
    "data": [
      {
        "text": "불짬뽕",
        "alias": "ramen",
        "meta": "@ramen",
        "userDefined": false
      },
      {
        "text": " 어떻게 요리해",
        "userDefined": false
      }
    ],
    "isTemplate": false,
    "count": 0
  },
  {
    "id": "2fec7c7b-4529-45ca-b1a6-e9c6ff26d2ee",
    "data": [
      {
        "text": "라면을 맛있게 끓이는 법",
        "userDefined": false
      }
    ],
    "isTemplate": false,
    "count": 0
  },
  {
    "id": "099f5166-f64c-424d-b601-3ecf16c25d7b",
    "data": [
      {
        "text": "라면 타이머 있어",
        "userDefined": false
      }
    ],
    "isTemplate": false,
    "count": 0
  },
  {
    "id": "47b021f9-79f9-4689-8a8d-71e56a56789d",
    "data": [
      {
        "text": "라면 조리법 알려줘",
        "userDefined": false
      }
    ],
    "isTemplate": false,
    "count": 0
  },
  {
    "id": "115904c0-b027-4e4b-9965-bbf87db8e778",
    "data": [
      {
        "text": "라면 조리예",
        "userDefined": false
      }
    ],
    "isTemplate": false,
    "count": 0
  },
  {
    "id": "157f9d0f-e15d-4300-bd97-d8058de31426",
    "data": [
      {
        "text": "신라면",
        "alias": "ramen",
        "meta": "@ramen",
        "userDefined": false
      },
      {
        "text": " 조리법은",
        "userDefined": false
      }
    ],
    "isTemplate": false,
    "count": 0
  },
  {
    "id": "49660473-b1ca-42b1-b677-e9ef2f2d0930",
    "data": [
      {
        "text": "라면 타이머 해줘",
        "userDefined": false
      }
    ],
    "isTemplate": false,
    "count": 0
  },
  {
    "id": "a3ec5319-66f1-4452-86f1-43ea7734df74",
    "data": [
      {
        "text": "라면 끓이는 방법",
        "userDefined": false
      }
    ],
    "isTemplate": false,
    "count": 0
  },
  {
    "id": "1558b69f-ab80-478d-9b37-2ba4faed7e55",
    "data": [
      {
        "text": "라면 타이머",
        "userDefined": false
      }
    ],
    "isTemplate": false,
    "count": 0
  },
  {
    "id": "964fa6f4-10ec-4cc9-acdb-668c103c8bf1",
    "data": [
      {
        "text": "진라면",
        "alias": "ramen",
        "meta": "@ramen",
        "userDefined": false
      },
      {
        "text": "의 조리시간을 알려줘",
        "userDefined": false
      }
    ],
    "isTemplate": false,
    "count": 0
  },
  {
    "id": "3879ef83-0765-4692-b798-ec460e60f5a3",
    "data": [
      {
        "text": "라면을 맛있게 만드는 법",
        "userDefined": false
      }
    ],
    "isTemplate": false,
    "count": 0
  }
]