[
  {
    "id": "ad9f25cb-b636-4937-bd4e-bd461951ebec",
    "data": [
      {
        "text": "종료",
        "userDefined": false
      }
    ],
    "isTemplate": false,
    "count": 0
  },
  {
    "id": "43eb1b01-fbc4-4567-8d4d-658c24ffae9e",
    "data": [
      {
        "text": "바이바이",
        "userDefined": false
      }
    ],
    "isTemplate": false,
    "count": 0
  },
  {
    "id": "ebd8d120-3a90-4948-8696-4adf3d99f60d",
    "data": [
      {
        "text": "그만두기",
        "userDefined": false
      }
    ],
    "isTemplate": false,
    "count": 0
  },
  {
    "id": "ad7dc5ad-b033-4e36-9e7c-8f604f10c957",
    "data": [
      {
        "text": "나가기",
        "userDefined": false
      }
    ],
    "isTemplate": false,
    "count": 0
  },
  {
    "id": "ab4ad878-e842-46e5-8816-02d196b8206f",
    "data": [
      {
        "text": "끝내기",
        "userDefined": false
      }
    ],
    "isTemplate": false,
    "count": 0
  }
]