[
  {
    "id": "29196b10-9026-43c7-9c64-9ead67ef08c7",
    "data": [
      {
        "text": "이전 재생",
        "userDefined": false
      }
    ],
    "isTemplate": false,
    "count": 0
  },
  {
    "id": "08fa7672-8d59-449f-ab7e-e2e60b112b31",
    "data": [
      {
        "text": "previous",
        "userDefined": false
      }
    ],
    "isTemplate": false,
    "count": 0
  },
  {
    "id": "85c045b3-5ee1-4afe-a617-cf8be5d92f47",
    "data": [
      {
        "text": "이전듣기",
        "userDefined": false
      }
    ],
    "isTemplate": false,
    "count": 0
  },
  {
    "id": "80a4234b-2f90-4df2-9215-a25d546c2989",
    "data": [
      {
        "text": "이전으로 가기",
        "userDefined": false
      }
    ],
    "isTemplate": false,
    "count": 0
  },
  {
    "id": "b4e53504-4293-48ec-9e64-426b3ec1b238",
    "data": [
      {
        "text": "이전",
        "userDefined": false
      }
    ],
    "isTemplate": false,
    "count": 0
  }
]