[
  {
    "id": "3f6a9231-d94f-49f2-891e-ecec1f01a33d",
    "data": [
      {
        "text": "진짬뽕",
        "alias": "ramen",
        "meta": "@ramen",
        "userDefined": false
      },
      {
        "text": " 시간",
        "userDefined": false
      }
    ],
    "isTemplate": false,
    "count": 0
  },
  {
    "id": "791dae03-8a07-4879-9827-36c0f86f16d2",
    "data": [
      {
        "text": "신라면",
        "alias": "ramen",
        "meta": "@ramen",
        "userDefined": false
      }
    ],
    "isTemplate": false,
    "count": 0
  },
  {
    "id": "e5911de6-74c0-4024-98ac-1649da2ccbdc",
    "data": [
      {
        "text": "오뚜기 진라면",
        "alias": "ramen",
        "meta": "@ramen",
        "userDefined": false
      },
      {
        "text": "의 타이머를 알려줘",
        "userDefined": false
      }
    ],
    "isTemplate": false,
    "count": 0
  },
  {
    "id": "f3ebe456-61cc-4b8f-ba76-282c66452ba6",
    "data": [
      {
        "text": "진짬뽕",
        "alias": "ramen",
        "meta": "@ramen",
        "userDefined": false
      },
      {
        "text": " 타이머",
        "userDefined": false
      }
    ],
    "isTemplate": false,
    "count": 0
  },
  {
    "id": "0bb8fa3f-c626-4cea-b0d6-85353284a601",
    "data": [
      {
        "text": "육개장 컵라면",
        "alias": "ramen",
        "meta": "@ramen",
        "userDefined": false
      },
      {
        "text": "을 시작해",
        "userDefined": false
      }
    ],
    "isTemplate": false,
    "count": 1
  },
  {
    "id": "f0c6ee08-f3ba-4019-af88-1f9bece25939",
    "data": [
      {
        "text": "육개장",
        "alias": "ramen",
        "meta": "@ramen",
        "userDefined": false
      },
      {
        "text": "을 알려줘",
        "userDefined": false
      }
    ],
    "isTemplate": false,
    "count": 0
  }
]