[
  {
    "id": "a1907ca9-0542-4784-a9bb-b5b45eeefbdb",
    "data": [
      {
        "text": "현재 가능한 라면을 알려줘",
        "userDefined": false
      }
    ],
    "isTemplate": false,
    "count": 1
  },
  {
    "id": "c1aff954-8dff-42ea-bd17-03275f0ffc5b",
    "data": [
      {
        "text": "현재 가능한 라면은 어떤게 있니",
        "userDefined": false
      }
    ],
    "isTemplate": false,
    "count": 0
  },
  {
    "id": "a0e79d43-ccc7-40e4-a5c9-660a3819768c",
    "data": [
      {
        "text": "현재 가능한 라면",
        "userDefined": false
      }
    ],
    "isTemplate": false,
    "count": 0
  },
  {
    "id": "a490385c-3e72-4992-95e1-cbdf59c2c5b7",
    "data": [
      {
        "text": "지원되는 라면을 알려줘",
        "userDefined": false
      }
    ],
    "isTemplate": false,
    "count": 0
  },
  {
    "id": "039998ae-361f-4e00-8f99-c1645a396513",
    "data": [
      {
        "text": "지원되는 라면",
        "userDefined": false
      }
    ],
    "isTemplate": false,
    "count": 0
  }
]