[
  {
    "value": "대구",
    "synonyms": [
      "대구",
      "대구시",
      "대구광역시",
      "대구직할시"
    ]
  },
  {
    "value": "제주",
    "synonyms": [
      "제주",
      "제주시",
      "제주특별자치도",
      "서귀포시",
      "제주도",
      "제주특별시",
      "서귀포"
    ]
  },
  {
    "value": "전라북도",
    "synonyms": [
      "전라북도",
      "전북",
      "전북도"
    ]
  },
  {
    "value": "인천",
    "synonyms": [
      "인천",
      "인천시",
      "인천직할시",
      "인천광역시"
    ]
  },
  {
    "value": "경상남도",
    "synonyms": [
      "경상남도",
      "경남",
      "경남도"
    ]
  },
  {
    "value": "전라남도",
    "synonyms": [
      "전라남도",
      "전남도",
      "전남"
    ]
  },
  {
    "value": "경상북도",
    "synonyms": [
      "경상북도",
      "경북도",
      "경북"
    ]
  },
  {
    "value": "강원",
    "synonyms": [
      "강원",
      "강원도",
      "강원도의 힘"
    ]
  },
  {
    "value": "서울",
    "synonyms": [
      "서울",
      "관습헌법 수도",
      "서울시",
      "서울특별시",
      "서울직할시"
    ]
  },
  {
    "value": "대전",
    "synonyms": [
      "대전",
      "대전시",
      "대전광역시"
    ]
  },
  {
    "value": "세종",
    "synonyms": [
      "세종",
      "세종시",
      "행정수도"
    ]
  },
  {
    "value": "부산",
    "synonyms": [
      "부산",
      "부산시",
      "부산직할시",
      "부산광역시"
    ]
  },
  {
    "value": "충청남도",
    "synonyms": [
      "충청",
      "충청남도",
      "충남도"
    ]
  },
  {
    "value": "충청북도",
    "synonyms": [
      "충청북도",
      "충북",
      "충북도"
    ]
  },
  {
    "value": "울산",
    "synonyms": [
      "울산",
      "울산직할시",
      "울산광역시",
      "울산시"
    ]
  }
]