[
  {
    "value": "한진택배",
    "synonyms": [
      "한진택배",
      "한진"
    ]
  },
  {
    "value": "우체국",
    "synonyms": [
      "우체국",
      "우체국택배"
    ]
  },
  {
    "value": "롯데택배",
    "synonyms": [
      "롯데택배",
      "롯데",
      "현대택배",
      "현대",
      "롯데로직스",
      "롯데로직스택배"
    ]
  },
  {
    "value": "드림택배",
    "synonyms": [
      "드림택배"
    ]
  },
  {
    "value": "CJ대한통운",
    "synonyms": [
      "CJ대한통운",
      "CJ 대한통운",
      "대한통운",
      "Cj",
      "CJ택배",
      "설탕택배",
      "대한통운 택배"
    ]
  }
]