[
  {
    "id": "418ee675-9c20-4f68-895b-e8354df1e0aa",
    "data": [
      {
        "text": "우체국 택배",
        "alias": "company",
        "meta": "@company",
        "userDefined": false
      },
      {
        "text": " 검색하기",
        "userDefined": false
      }
    ],
    "isTemplate": false,
    "count": 0
  },
  {
    "id": "41313959-aebc-4c72-a77e-b830875587bb",
    "data": [
      {
        "text": "한진택배",
        "alias": "company",
        "meta": "@company",
        "userDefined": false
      },
      {
        "text": " 찾기",
        "userDefined": false
      }
    ],
    "isTemplate": false,
    "count": 0
  },
  {
    "id": "67ab5da6-777a-40ac-a056-93d0db12f10d",
    "data": [
      {
        "text": "롯데택배",
        "alias": "company",
        "meta": "@company",
        "userDefined": true
      },
      {
        "text": " 검색",
        "userDefined": false
      }
    ],
    "isTemplate": false,
    "count": 0
  }
]