[
  {
    "id": "184411b0-a897-4e0c-98e8-5758c6fd7035",
    "data": [
      {
        "text": "배송조회 하고싶어",
        "userDefined": false
      }
    ],
    "isTemplate": false,
    "count": 0
  },
  {
    "id": "48c18781-eee5-4ed0-b9b8-6f3d4a690364",
    "data": [
      {
        "text": "드림택배",
        "alias": "company",
        "meta": "@company",
        "userDefined": false
      },
      {
        "text": " 배송조회 해줘",
        "userDefined": false
      }
    ],
    "isTemplate": false,
    "count": 0
  },
  {
    "id": "b5c57faf-3f79-4dac-88cf-141caa1ec53a",
    "data": [
      {
        "text": "대한통운",
        "alias": "company",
        "meta": "@company",
        "userDefined": false
      },
      {
        "text": " 배송조회",
        "userDefined": false
      }
    ],
    "isTemplate": false,
    "count": 0
  }
]