[
  {
    "id": "132eaab9-fc12-4563-814f-a4d5a79eeb57",
    "data": [
      {
        "text": "오시마이",
        "userDefined": false
      }
    ],
    "isTemplate": false,
    "count": 0
  },
  {
    "id": "772c75bc-7f30-4ca8-b304-e2ac18fe440d",
    "data": [
      {
        "text": "종료하기",
        "userDefined": false
      }
    ],
    "isTemplate": false,
    "count": 0
  },
  {
    "id": "d87b08c6-e851-4d52-ae68-1c1c69bae653",
    "data": [
      {
        "text": "그만둘래",
        "userDefined": false
      }
    ],
    "isTemplate": false,
    "count": 0
  },
  {
    "id": "b53dac76-757d-4fb4-9590-1fce55ba9cd2",
    "data": [
      {
        "text": "바이바이",
        "userDefined": false
      }
    ],
    "isTemplate": false,
    "count": 0
  },
  {
    "id": "7162e3a3-b305-443c-8fa1-8008eec6cad5",
    "data": [
      {
        "text": "나가기",
        "userDefined": false
      }
    ],
    "isTemplate": false,
    "count": 0
  },
  {
    "id": "13a6574f-3b6d-42b5-8b19-8ad55fc17561",
    "data": [
      {
        "text": "끝내기",
        "userDefined": false
      }
    ],
    "isTemplate": false,
    "count": 0
  }
]