[
  {
    "id": "1ec8afe8-d076-42c0-9e52-1188f2e6b7a0",
    "data": [
      {
        "text": "넌 어떤게 가능하니",
        "userDefined": false
      }
    ],
    "isTemplate": false,
    "count": 0
  },
  {
    "id": "efd3bb9c-b45d-43ce-946f-86e5f403825c",
    "data": [
      {
        "text": "헬프",
        "userDefined": false
      }
    ],
    "isTemplate": false,
    "count": 0
  },
  {
    "id": "4ddc39f8-26b3-4963-a1da-c1085c510b38",
    "data": [
      {
        "text": "도움말",
        "userDefined": false
      }
    ],
    "isTemplate": false,
    "count": 0
  },
  {
    "id": "77acc322-fdca-4b81-9904-70e8ee0cb660",
    "data": [
      {
        "text": "설명서",
        "userDefined": false
      }
    ],
    "isTemplate": false,
    "count": 0
  }
]