[
  {
    "id": "7ebfea79-f193-4078-a18d-19476c76a9ff",
    "data": [
      {
        "text": "다시 들려줘",
        "userDefined": false
      }
    ],
    "isTemplate": false,
    "count": 0
  },
  {
    "id": "33975afe-e618-42f2-aa46-7f03cb5b2c72",
    "data": [
      {
        "text": "다시재생",
        "userDefined": false
      }
    ],
    "isTemplate": false,
    "count": 0
  },
  {
    "id": "6da658d3-ab03-4f69-ad0f-3777f0e143d0",
    "data": [
      {
        "text": "다시듣기",
        "userDefined": false
      }
    ],
    "isTemplate": false,
    "count": 0
  }
]