[
  {
    "id": "d84b24fe-265f-42cf-8c2c-dfe5697e053a",
    "data": [
      {
        "text": "지원되는 회사를 알려줘",
        "userDefined": false
      }
    ],
    "isTemplate": false,
    "count": 0
  },
  {
    "id": "33a2755d-26c7-43f2-bff6-d0d839b270a7",
    "data": [
      {
        "text": "가능한 택배회사",
        "userDefined": false
      }
    ],
    "isTemplate": false,
    "count": 0
  },
  {
    "id": "c0cfde83-593e-4306-9673-fd5a88fb4a36",
    "data": [
      {
        "text": "가능한 회사",
        "userDefined": false
      }
    ],
    "isTemplate": false,
    "count": 0
  }
]