[
  {
    "id": "a5439534-7a22-4185-8e09-e45f2893e6bd",
    "data": [
      {
        "text": "한국",
        "meta": "@sys.ignore",
        "userDefined": false
      },
      {
        "text": " 영화 순위를 알려줘",
        "userDefined": false
      }
    ],
    "isTemplate": false,
    "count": 0
  },
  {
    "id": "2639358b-1697-4d99-a582-1390014ba845",
    "data": [
      {
        "text": "한국",
        "meta": "@sys.ignore",
        "userDefined": false
      },
      {
        "text": " ",
        "userDefined": false
      },
      {
        "text": "독립",
        "meta": "@sys.ignore",
        "userDefined": false
      },
      {
        "text": "영화 순위",
        "userDefined": false
      }
    ],
    "isTemplate": false,
    "count": 0
  },
  {
    "id": "d764ec5c-1488-43f8-9893-2782e734804f",
    "data": [
      {
        "text": "영화 정보를 알려줘",
        "userDefined": false
      }
    ],
    "isTemplate": false,
    "count": 0
  },
  {
    "id": "0b5232e3-04e3-4ac7-b688-49f71fc151fd",
    "data": [
      {
        "text": "영화관 순위",
        "userDefined": false
      }
    ],
    "isTemplate": false,
    "count": 0
  },
  {
    "id": "5aab2bb5-e5d3-4b6b-ae68-df624bf539e1",
    "data": [
      {
        "text": "영화관 영화 순위",
        "userDefined": false
      }
    ],
    "isTemplate": false,
    "count": 0
  },
  {
    "id": "e8999662-0ea0-468e-812f-d56ef21c03db",
    "data": [
      {
        "text": "한국",
        "meta": "@sys.ignore",
        "userDefined": false
      },
      {
        "text": " 영화 순위",
        "userDefined": false
      }
    ],
    "isTemplate": false,
    "count": 0
  },
  {
    "id": "0753b5ba-5ee9-4fba-b78c-d13c03eea02e",
    "data": [
      {
        "text": "극장 순위",
        "userDefined": false
      }
    ],
    "isTemplate": false,
    "count": 0
  },
  {
    "id": "f46b38f2-e210-4a9e-815e-959bb85b194a",
    "data": [
      {
        "text": "독립",
        "meta": "@sys.ignore",
        "userDefined": false
      },
      {
        "text": "영화 순위는 어떻게 되",
        "userDefined": false
      }
    ],
    "isTemplate": false,
    "count": 0
  },
  {
    "id": "c981568a-e075-484f-993c-1219d831aca8",
    "data": [
      {
        "text": "한국 독립영화",
        "userDefined": false
      }
    ],
    "isTemplate": false,
    "count": 0
  },
  {
    "id": "91f82090-ac11-4a3f-ac84-f3297efe82c2",
    "data": [
      {
        "text": "외국",
        "meta": "@sys.ignore",
        "userDefined": false
      },
      {
        "text": " 영화 순위",
        "userDefined": false
      }
    ],
    "isTemplate": false,
    "count": 0
  },
  {
    "id": "df858c7f-1257-4f5e-b97f-6b68f4b148b9",
    "data": [
      {
        "text": "출발 비디오 여행",
        "userDefined": false
      }
    ],
    "isTemplate": false,
    "count": 0
  },
  {
    "id": "e8753fe9-4220-460a-99d0-9036eb8474e3",
    "data": [
      {
        "text": "영화 순위",
        "userDefined": false
      }
    ],
    "isTemplate": false,
    "count": 0
  },
  {
    "id": "99320ac8-3c9c-46e2-8148-5154aedbca2c",
    "data": [
      {
        "text": "영화관 순위 알려줘",
        "userDefined": false
      }
    ],
    "isTemplate": false,
    "count": 0
  }
]