[
  {
    "id": "0ba52675-5185-4db8-b341-292bbc206015",
    "data": [
      {
        "text": "끝내기",
        "userDefined": false
      }
    ],
    "isTemplate": false,
    "count": 0
  },
  {
    "id": "91721f60-bb22-48f9-af86-0610a54d3a0e",
    "data": [
      {
        "text": "종료하기",
        "userDefined": false
      }
    ],
    "isTemplate": false,
    "count": 0
  },
  {
    "id": "83bd2b1f-fbac-40dd-8fb6-7c906f2843ea",
    "data": [
      {
        "text": "그만두기",
        "userDefined": false
      }
    ],
    "isTemplate": false,
    "count": 0
  },
  {
    "id": "15711134-edd8-4991-9fea-f7b4e6c7f453",
    "data": [
      {
        "text": "스탑",
        "userDefined": false
      }
    ],
    "isTemplate": false,
    "count": 0
  },
  {
    "id": "91a40f05-9ddc-40b0-b1d3-2d4e1e7f8b10",
    "data": [
      {
        "text": "앱 종료",
        "userDefined": false
      }
    ],
    "isTemplate": false,
    "count": 0
  },
  {
    "id": "17eff090-ac8b-4b5a-bcc0-c2db122a1a69",
    "data": [
      {
        "text": "사요나라",
        "userDefined": false
      }
    ],
    "isTemplate": false,
    "count": 0
  },
  {
    "id": "ded5249a-af32-4950-a9ef-46f2588a202c",
    "data": [
      {
        "text": "바이바이",
        "userDefined": false
      }
    ],
    "isTemplate": false,
    "count": 0
  }
]