[
  {
    "id": "bc123b96-d88a-4a2d-8041-bd941fd01a8a",
    "data": [
      {
        "text": "도움말",
        "userDefined": false
      }
    ],
    "isTemplate": false,
    "count": 0
  },
  {
    "id": "47dd7786-2215-463f-a2e1-49b8f7010a51",
    "data": [
      {
        "text": "메뉴얼",
        "userDefined": false
      }
    ],
    "isTemplate": false,
    "count": 0
  },
  {
    "id": "d30be88d-dc2e-4241-8624-a6b98fd9ff6f",
    "data": [
      {
        "text": "사용방법",
        "userDefined": false
      }
    ],
    "isTemplate": false,
    "count": 0
  },
  {
    "id": "9c05db20-2692-4b36-b0e2-f8a20d169ec3",
    "data": [
      {
        "text": "설명서",
        "userDefined": false
      }
    ],
    "isTemplate": false,
    "count": 0
  }
]