[
  {
    "id": "42541e4c-9740-4c9e-8db0-7479bdaddcc6",
    "data": [
      {
        "text": "어제",
        "alias": "date",
        "meta": "@sys.date",
        "userDefined": false
      },
      {
        "text": " 영화관",
        "userDefined": false
      }
    ],
    "isTemplate": false,
    "count": 0
  },
  {
    "id": "ee561d56-2674-425a-a6ca-6e50377b5205",
    "data": [
      {
        "text": "어제",
        "alias": "date",
        "meta": "@sys.date",
        "userDefined": false
      },
      {
        "text": "의 영화관 정보",
        "userDefined": false
      }
    ],
    "isTemplate": false,
    "count": 0
  },
  {
    "id": "6e15f3d6-69c7-4b10-aefc-77808c566f27",
    "data": [
      {
        "text": "9월 19일",
        "alias": "date",
        "meta": "@sys.date",
        "userDefined": false
      },
      {
        "text": " 영화관 정보 알려줘",
        "userDefined": false
      }
    ],
    "isTemplate": false,
    "count": 0
  },
  {
    "id": "4576822e-7aa4-4545-8b9c-ed18052a01f7",
    "data": [
      {
        "text": "19일",
        "alias": "date",
        "meta": "@sys.date",
        "userDefined": false
      },
      {
        "text": " 영화관 정보 알려줘",
        "userDefined": false
      }
    ],
    "isTemplate": false,
    "count": 0
  },
  {
    "id": "571b41ed-a662-4f16-95ab-f3bf0c7de6e2",
    "data": [
      {
        "text": "7월 27일",
        "alias": "date",
        "meta": "@sys.date",
        "userDefined": false
      },
      {
        "text": "의 영화관",
        "userDefined": false
      }
    ],
    "isTemplate": false,
    "count": 0
  },
  {
    "id": "0e7c1b62-01b5-4012-8984-ed661041b948",
    "data": [
      {
        "text": "10월 30일",
        "alias": "date",
        "meta": "@sys.date",
        "userDefined": false
      },
      {
        "text": "의 ",
        "userDefined": false
      },
      {
        "text": "한국",
        "alias": "nation",
        "meta": "@nation",
        "userDefined": false
      },
      {
        "text": "영화 알려줘",
        "userDefined": false
      }
    ],
    "isTemplate": false,
    "count": 0
  },
  {
    "id": "aeb8a355-d6ce-4735-b570-e40314ca8ad5",
    "data": [
      {
        "text": "8월 31일",
        "alias": "date",
        "meta": "@sys.date",
        "userDefined": false
      },
      {
        "text": " ",
        "userDefined": false
      },
      {
        "text": "한국",
        "alias": "nation",
        "meta": "@nation",
        "userDefined": false
      },
      {
        "text": "영화 ",
        "userDefined": false
      },
      {
        "text": "상업",
        "alias": "movieType",
        "meta": "@movieType",
        "userDefined": false
      },
      {
        "text": "영화",
        "userDefined": false
      }
    ],
    "isTemplate": false,
    "count": 0
  },
  {
    "id": "f556a549-3dd5-46be-9364-f27545a99282",
    "data": [
      {
        "text": "저번주 일요일",
        "alias": "date",
        "meta": "@sys.date",
        "userDefined": false
      },
      {
        "text": " 영화 정보",
        "userDefined": false
      }
    ],
    "isTemplate": false,
    "count": 0
  },
  {
    "id": "2821079b-6bc2-4230-b370-617f8209d792",
    "data": [
      {
        "text": "외국",
        "alias": "nation",
        "meta": "@nation",
        "userDefined": false
      },
      {
        "text": " 영화 ",
        "userDefined": false
      },
      {
        "text": "3월 7일",
        "alias": "date",
        "meta": "@sys.date",
        "userDefined": false
      },
      {
        "text": " 영화정보",
        "userDefined": false
      }
    ],
    "isTemplate": false,
    "count": 0
  },
  {
    "id": "4c8c27a9-0d3d-4af5-a2d4-953cab3b89a2",
    "data": [
      {
        "text": "2월 13일",
        "alias": "date",
        "meta": "@sys.date",
        "userDefined": false
      },
      {
        "text": " 영화 알려줘",
        "userDefined": false
      }
    ],
    "isTemplate": false,
    "count": 0
  },
  {
    "id": "d61c3786-b134-42f5-9d56-095c0c374ce5",
    "data": [
      {
        "text": "저번주 일요일",
        "alias": "date",
        "meta": "@sys.date",
        "userDefined": false
      },
      {
        "text": " ",
        "userDefined": false
      },
      {
        "text": "독립",
        "alias": "movieType",
        "meta": "@movieType",
        "userDefined": false
      },
      {
        "text": "영화",
        "userDefined": false
      }
    ],
    "isTemplate": false,
    "count": 0
  },
  {
    "id": "6d2bde58-3dfc-413b-b9dd-dcd875ab4a9f",
    "data": [
      {
        "text": "2월 7일",
        "alias": "date",
        "meta": "@sys.date",
        "userDefined": false
      },
      {
        "text": "의 ",
        "userDefined": false
      },
      {
        "text": "한국",
        "alias": "nation",
        "meta": "@nation",
        "userDefined": false
      },
      {
        "text": " ",
        "userDefined": false
      },
      {
        "text": "상업",
        "alias": "movieType",
        "meta": "@movieType",
        "userDefined": false
      },
      {
        "text": "영화 물어볼래",
        "userDefined": false
      }
    ],
    "isTemplate": false,
    "count": 0
  },
  {
    "id": "30060277-bc89-4b62-9aa4-0b1673faa4d3",
    "data": [
      {
        "text": "어제",
        "alias": "date",
        "meta": "@sys.date",
        "userDefined": false
      },
      {
        "text": "의 영화관",
        "userDefined": false
      }
    ],
    "isTemplate": false,
    "count": 0
  }
]