[
  {
    "id": "abb95a12-4685-4492-a9ab-bc5b67e89f98",
    "data": [
      {
        "text": "헬프",
        "userDefined": false
      }
    ],
    "isTemplate": false,
    "count": 1,
    "updated": 1518741392
  },
  {
    "id": "d3a00cb7-a579-4a33-a67a-c96633d0eef2",
    "data": [
      {
        "text": "무엇",
        "userDefined": false
      },
      {
        "text": "이",
        "meta": "@sys.ignore",
        "userDefined": false
      },
      {
        "text": " 가능해",
        "userDefined": false
      }
    ],
    "isTemplate": false,
    "count": 0,
    "updated": 1518741392
  },
  {
    "id": "3ef8c93c-4a86-4a91-aff4-3d6f054f53eb",
    "data": [
      {
        "text": "메뉴얼",
        "userDefined": false
      }
    ],
    "isTemplate": false,
    "count": 0,
    "updated": 1518741392
  },
  {
    "id": "65f53975-1e5e-482c-8801-aa6e6e571aaa",
    "data": [
      {
        "text": "매뉴얼",
        "userDefined": false
      }
    ],
    "isTemplate": false,
    "count": 0,
    "updated": 1518741392
  },
  {
    "id": "2e567c83-5f06-42e9-bd47-892ac8e24ec1",
    "data": [
      {
        "text": "어떤게 가능해",
        "userDefined": false
      }
    ],
    "isTemplate": false,
    "count": 0,
    "updated": 1518741392
  },
  {
    "id": "f5821c9e-137c-439f-be04-6d411874bb61",
    "data": [
      {
        "text": "도움말",
        "userDefined": false
      }
    ],
    "isTemplate": false,
    "count": 0,
    "updated": 1518741392
  }
]