[
  {
    "id": "7bd69e30-1029-43b5-8ece-59ba7e3b6476",
    "data": [
      {
        "text": "다",
        "userDefined": false
      },
      {
        "text": "시",
        "meta": "@sys.ignore",
        "userDefined": false
      },
      {
        "text": "듣기",
        "userDefined": false
      }
    ],
    "isTemplate": false,
    "count": 0,
    "updated": 1518688962
  },
  {
    "id": "dd64803e-fa39-4567-8e4c-72f623a70a92",
    "data": [
      {
        "text": "다",
        "userDefined": false
      },
      {
        "text": "시",
        "meta": "@sys.ignore",
        "userDefined": false
      },
      {
        "text": " 한번",
        "userDefined": false
      }
    ],
    "isTemplate": false,
    "count": 0,
    "updated": 1518688962
  },
  {
    "id": "f330ebae-d63d-4094-a512-3d20f2fd39d0",
    "data": [
      {
        "text": "다",
        "userDefined": false
      },
      {
        "text": "시",
        "meta": "@sys.ignore",
        "userDefined": false
      }
    ],
    "isTemplate": false,
    "count": 0,
    "updated": 1518688962
  },
  {
    "id": "aabc7c99-8054-4c1c-baca-dc68cba8dc48",
    "data": [
      {
        "text": "다",
        "userDefined": false
      },
      {
        "text": "시",
        "meta": "@sys.ignore",
        "userDefined": false
      },
      {
        "text": " 재생하기",
        "userDefined": false
      }
    ],
    "isTemplate": false,
    "count": 0,
    "updated": 1518688962
  },
  {
    "id": "8236ffc9-a3d7-443a-abd5-f7f1ac971174",
    "data": [
      {
        "text": "다",
        "userDefined": false
      },
      {
        "text": "시",
        "meta": "@sys.ignore",
        "userDefined": false
      },
      {
        "text": " 들려줘",
        "userDefined": false
      }
    ],
    "isTemplate": false,
    "count": 0,
    "updated": 1518688962
  }
]