[
  {
    "id": "d5c284bb-7298-4ab2-aeb9-9fe5f2248bad",
    "data": [
      {
        "text": "나가기",
        "userDefined": false
      }
    ],
    "isTemplate": false,
    "count": 0
  },
  {
    "id": "e11a715b-09b0-420a-9697-26d92cde9ec8",
    "data": [
      {
        "text": "앱 끝내기",
        "userDefined": false
      }
    ],
    "isTemplate": false,
    "count": 0
  },
  {
    "id": "a5ac8b62-9a02-4f7d-bf78-ba8f101a198b",
    "data": [
      {
        "text": "종료",
        "userDefined": false
      }
    ],
    "isTemplate": false,
    "count": 0,
    "updated": 1514462218
  },
  {
    "id": "7c5373ee-9f70-4c03-b96a-ff07e6f8792a",
    "data": [
      {
        "text": "앱 종료",
        "userDefined": false
      }
    ],
    "isTemplate": false,
    "count": 0,
    "updated": 1514462218
  },
  {
    "id": "4ba1271d-104d-41b2-937c-a582f43d42de",
    "data": [
      {
        "text": "끝내기",
        "userDefined": false
      }
    ],
    "isTemplate": false,
    "count": 0,
    "updated": 1514462218
  }
]