[
  {
    "id": "40f8dc61-24ef-4c64-b561-59d40fd04c32",
    "data": [
      {
        "text": "오",
        "meta": "@sys.ignore",
        "userDefined": false
      },
      {
        "text": "와리",
        "userDefined": false
      }
    ],
    "isTemplate": false,
    "count": 1
  },
  {
    "id": "2ab0a0fe-45cf-4a86-8f55-4aed327530f4",
    "data": [
      {
        "text": "게임중단",
        "userDefined": false
      }
    ],
    "isTemplate": false,
    "count": 0
  },
  {
    "id": "9df01cba-9762-437d-8a35-8cff3026bf57",
    "data": [
      {
        "text": "게임종료",
        "userDefined": false
      }
    ],
    "isTemplate": false,
    "count": 0
  },
  {
    "id": "95680d24-2bbb-4750-bbb2-cb15114f23c2",
    "data": [
      {
        "text": "게임끝",
        "userDefined": false
      }
    ],
    "isTemplate": false,
    "count": 0
  },
  {
    "id": "280fa21f-5fe5-4bc2-bd45-6600dc7643aa",
    "data": [
      {
        "text": "끝내기",
        "userDefined": false
      }
    ],
    "isTemplate": false,
    "count": 0
  }
]