[
  {
    "id": "dbf2e143-7be5-41ce-ae47-ef317b83f7cb",
    "data": [
      {
        "text": "러시안룰렛 게임하기",
        "userDefined": false
      }
    ],
    "isTemplate": false,
    "count": 0
  },
  {
    "id": "1e9e79d8-d7f9-4d68-ac8b-c4fb4ea823ba",
    "data": [
      {
        "text": "러시안 룰렛 불러줘",
        "userDefined": false
      }
    ],
    "isTemplate": false,
    "count": 0
  },
  {
    "id": "f38bc439-cc96-4d4b-b700-64ba6d123e6e",
    "data": [
      {
        "text": "러시안 룰렛 게임하고 싶어",
        "userDefined": false
      }
    ],
    "isTemplate": false,
    "count": 0
  },
  {
    "id": "77ca4ec1-8738-487d-b178-15a583e2d8d8",
    "data": [
      {
        "text": "술 마시는 게임",
        "userDefined": false
      }
    ],
    "isTemplate": false,
    "count": 0
  },
  {
    "id": "b9b25a61-26b0-4e2f-aefd-9d508b5e56f7",
    "data": [
      {
        "text": "술 게임 알려줘",
        "userDefined": false
      }
    ],
    "isTemplate": false,
    "count": 0
  },
  {
    "id": "29cca301-fff5-47a1-9605-03a951b40cf0",
    "data": [
      {
        "text": "술자리 게임",
        "userDefined": false
      }
    ],
    "isTemplate": false,
    "count": 0
  },
  {
    "id": "c211f6c9-3913-40e7-a761-9235ae826df6",
    "data": [
      {
        "text": "재미있는 러시안 룰렛",
        "userDefined": false
      }
    ],
    "isTemplate": false,
    "count": 0
  },
  {
    "id": "1c57bec1-2521-4190-85f1-60da3ef3c2f6",
    "data": [
      {
        "text": "술 게임",
        "userDefined": false
      }
    ],
    "isTemplate": false,
    "count": 0
  },
  {
    "id": "a29fd23e-37f0-49d7-896c-949e782b5819",
    "data": [
      {
        "text": "러시안 룰렛 게임",
        "userDefined": false
      }
    ],
    "isTemplate": false,
    "count": 0
  },
  {
    "id": "7a064041-419d-42f8-9a2d-ad5e97d09e57",
    "data": [
      {
        "text": "러시안 룰렛 어떻게 하는거야",
        "userDefined": false
      }
    ],
    "isTemplate": false,
    "count": 0
  }
]