[
  {
    "id": "f0b5c88c-379a-42a5-aed0-d12b9d645bca",
    "data": [
      {
        "text": "게임스타트",
        "userDefined": false
      }
    ],
    "isTemplate": false,
    "count": 1
  },
  {
    "id": "a1add141-4a1c-41ce-b642-fed04ff1440c",
    "data": [
      {
        "text": "게임",
        "userDefined": false
      },
      {
        "text": "시",
        "meta": "@sys.ignore",
        "userDefined": false
      },
      {
        "text": "작",
        "userDefined": false
      }
    ],
    "isTemplate": false,
    "count": 0
  },
  {
    "id": "498195eb-54b0-4a1f-ad48-0ae880616c1a",
    "data": [
      {
        "text": "게임하기",
        "userDefined": false
      }
    ],
    "isTemplate": false,
    "count": 1
  },
  {
    "id": "4205109c-ea4f-456b-a655-892c8e06a2f5",
    "data": [
      {
        "text": "시",
        "meta": "@sys.ignore",
        "userDefined": false
      },
      {
        "text": "작",
        "userDefined": false
      }
    ],
    "isTemplate": false,
    "count": 0
  },
  {
    "id": "265e16fb-5011-4588-b5a8-a79f7fa5d2d2",
    "data": [
      {
        "text": "시",
        "meta": "@sys.ignore",
        "userDefined": false
      },
      {
        "text": "작해",
        "userDefined": false
      },
      {
        "text": "주",
        "meta": "@sys.ignore",
        "userDefined": false
      },
      {
        "text": "세",
        "meta": "@sys.ignore",
        "userDefined": false
      },
      {
        "text": "요",
        "userDefined": false
      }
    ],
    "isTemplate": false,
    "count": 0
  }
]