[
  {
    "id": "e48bf9cb-eb98-4bee-b232-0c5d2522b222",
    "data": [
      {
        "text": "매뉴얼",
        "userDefined": false
      }
    ],
    "isTemplate": false,
    "count": 0
  },
  {
    "id": "374cc1ca-a43e-4525-83a6-823268edf7ff",
    "data": [
      {
        "text": "게임방법",
        "userDefined": false
      }
    ],
    "isTemplate": false,
    "count": 0,
    "updated": 1513066772
  },
  {
    "id": "5a9c7ddf-c38f-4184-9554-be0c6a8d1783",
    "data": [
      {
        "text": "어떻게 하는거야",
        "userDefined": false
      }
    ],
    "isTemplate": false,
    "count": 0,
    "updated": 1513066772
  },
  {
    "id": "f3ebaa4a-a677-44ba-8bc6-41923be81047",
    "data": [
      {
        "text": "어떻게 하면 되는거니",
        "userDefined": false
      }
    ],
    "isTemplate": false,
    "count": 0,
    "updated": 1513066772
  },
  {
    "id": "0da2ad76-88bb-4099-aec9-cb84d9336177",
    "data": [
      {
        "text": "메뉴얼",
        "userDefined": false
      }
    ],
    "isTemplate": false,
    "count": 0,
    "updated": 1513066772
  },
  {
    "id": "82599f52-2137-458c-b3d0-aced1b0f9239",
    "data": [
      {
        "text": "도움말",
        "userDefined": false
      }
    ],
    "isTemplate": false,
    "count": 0,
    "updated": 1513066772
  }
]