[
  {
    "id": "2a312f1c-166e-4a9d-b136-e3a3178e443e",
    "data": [
      {
        "text": "오",
        "meta": "@sys.ignore",
        "userDefined": false
      },
      {
        "text": "와리",
        "userDefined": false
      }
    ],
    "isTemplate": false,
    "count": 0
  },
  {
    "id": "62c83218-31b6-4a1d-a874-85e67ecac136",
    "data": [
      {
        "text": "오",
        "meta": "@sys.ignore",
        "userDefined": false
      },
      {
        "text": "시마",
        "userDefined": false
      },
      {
        "text": "이",
        "meta": "@sys.ignore",
        "userDefined": false
      }
    ],
    "isTemplate": false,
    "count": 0
  },
  {
    "id": "cce16924-e29e-4863-ac39-7ba88e9d72cc",
    "data": [
      {
        "text": "끝",
        "userDefined": false
      }
    ],
    "isTemplate": false,
    "count": 1,
    "updated": 1513094496
  },
  {
    "id": "ac65ef87-fe38-4234-9859-f6b832ea7dc5",
    "data": [
      {
        "text": "끝내기",
        "userDefined": false
      }
    ],
    "isTemplate": false,
    "count": 0,
    "updated": 1513094496
  },
  {
    "id": "21cff8f5-7a86-409d-be8f-904dc1e514ec",
    "data": [
      {
        "text": "게임끝내기",
        "userDefined": false
      }
    ],
    "isTemplate": false,
    "count": 0,
    "updated": 1513094496
  },
  {
    "id": "5cb9bf8e-0ec2-4d0e-a440-1c041f8cc8ba",
    "data": [
      {
        "text": "나가기",
        "userDefined": false
      }
    ],
    "isTemplate": false,
    "count": 0,
    "updated": 1513094496
  },
  {
    "id": "4e968c50-c473-48fe-abcf-34dd216a11f2",
    "data": [
      {
        "text": "게임종료",
        "userDefined": false
      }
    ],
    "isTemplate": false,
    "count": 0,
    "updated": 1513094496
  }
]