[
  {
    "id": "91853f19-cfbe-44cf-a1e4-a693f416b290",
    "data": [
      {
        "text": "하나",
        "alias": "number",
        "meta": "@sys.number",
        "userDefined": false
      }
    ],
    "isTemplate": false,
    "count": 0
  },
  {
    "id": "a1336670-426b-4d3a-a194-1537c7339ca1",
    "data": [
      {
        "text": "둘",
        "alias": "number",
        "meta": "@sys.number",
        "userDefined": false
      }
    ],
    "isTemplate": false,
    "count": 0
  },
  {
    "id": "47ed0573-dc02-405d-a0ec-89d60189d6fe",
    "data": [
      {
        "text": "셋",
        "alias": "number",
        "meta": "@sys.number",
        "userDefined": false
      }
    ],
    "isTemplate": false,
    "count": 0
  },
  {
    "id": "31338b8f-86d0-4e73-806d-0ab22be05194",
    "data": [
      {
        "text": "넷",
        "alias": "number",
        "meta": "@sys.number",
        "userDefined": false
      }
    ],
    "isTemplate": false,
    "count": 0
  },
  {
    "id": "54e08ef2-7799-41be-ba19-65be1976af95",
    "data": [
      {
        "text": "다섯",
        "alias": "number",
        "meta": "@sys.number",
        "userDefined": false
      }
    ],
    "isTemplate": false,
    "count": 0
  },
  {
    "id": "55ff9ff2-7735-4982-8138-da8592ee5005",
    "data": [
      {
        "text": "여섯",
        "alias": "number",
        "meta": "@sys.number",
        "userDefined": false
      }
    ],
    "isTemplate": false,
    "count": 0
  },
  {
    "id": "430a3008-4c69-454a-bbea-65df7e77646d",
    "data": [
      {
        "text": "육",
        "alias": "number",
        "meta": "@sys.number",
        "userDefined": false
      }
    ],
    "isTemplate": false,
    "count": 0
  },
  {
    "id": "c05a8793-b3fb-4f79-8985-5159427e5657",
    "data": [
      {
        "text": "오",
        "alias": "number",
        "meta": "@sys.number",
        "userDefined": false
      }
    ],
    "isTemplate": false,
    "count": 0
  },
  {
    "id": "035c4eb1-86e7-45da-a173-c5a15317e545",
    "data": [
      {
        "text": "사",
        "alias": "number",
        "meta": "@sys.number",
        "userDefined": false
      }
    ],
    "isTemplate": false,
    "count": 0
  },
  {
    "id": "052db3cf-f16c-44ac-a381-9d4b1d74ebbc",
    "data": [
      {
        "text": "삼",
        "alias": "number",
        "meta": "@sys.number",
        "userDefined": false
      }
    ],
    "isTemplate": false,
    "count": 0
  },
  {
    "id": "d44fd26b-8d9b-4ed4-99be-0f246cb5014f",
    "data": [
      {
        "text": "이",
        "alias": "number",
        "meta": "@sys.number",
        "userDefined": false
      }
    ],
    "isTemplate": false,
    "count": 0
  },
  {
    "id": "9fcdf17c-35d3-49d1-bc17-634de1e0b9fd",
    "data": [
      {
        "text": "일",
        "alias": "number",
        "meta": "@sys.number",
        "userDefined": false
      }
    ],
    "isTemplate": false,
    "count": 0
  },
  {
    "id": "53e28566-797c-46f4-b09e-95bf9c7588b9",
    "data": [
      {
        "text": "6",
        "alias": "number",
        "meta": "@sys.number",
        "userDefined": false
      }
    ],
    "isTemplate": false,
    "count": 0,
    "updated": 1513066162
  },
  {
    "id": "25a68d35-3901-4d53-9552-08e8216ce4b0",
    "data": [
      {
        "text": "5",
        "alias": "number",
        "meta": "@sys.number",
        "userDefined": false
      }
    ],
    "isTemplate": false,
    "count": 0,
    "updated": 1513066162
  },
  {
    "id": "26a965cf-aab6-46c3-8219-2c6aca48cefa",
    "data": [
      {
        "text": "4",
        "alias": "number",
        "meta": "@sys.number",
        "userDefined": false
      }
    ],
    "isTemplate": false,
    "count": 0,
    "updated": 1513066162
  },
  {
    "id": "9cc20379-416a-4afd-8a16-b56d6ba7e5af",
    "data": [
      {
        "text": "3",
        "alias": "number",
        "meta": "@sys.number",
        "userDefined": false
      }
    ],
    "isTemplate": false,
    "count": 0,
    "updated": 1513066162
  },
  {
    "id": "396061b9-4c37-41e3-8e5a-5c279280c155",
    "data": [
      {
        "text": "2",
        "alias": "number",
        "meta": "@sys.number",
        "userDefined": false
      }
    ],
    "isTemplate": false,
    "count": 0,
    "updated": 1513066162
  },
  {
    "id": "5c7ac3d7-1814-47b5-899c-c2447dbeb3c4",
    "data": [
      {
        "text": "1",
        "alias": "number",
        "meta": "@sys.number",
        "userDefined": false
      }
    ],
    "isTemplate": false,
    "count": 0,
    "updated": 1513066162
  }
]