[
  {
    "id": "3d95ed40-fd2d-4d67-96da-72d1355be8e1",
    "data": [
      {
        "text": "그",
        "userDefined": false
      },
      {
        "text": "만",
        "meta": "@sys.ignore",
        "userDefined": false
      },
      {
        "text": "하기",
        "userDefined": false
      }
    ],
    "isTemplate": false,
    "count": 1
  },
  {
    "id": "4d0c87b2-8f7c-4d2e-a6dd-b8a6355921b3",
    "data": [
      {
        "text": "게임나가기",
        "userDefined": false
      }
    ],
    "isTemplate": false,
    "count": 0
  },
  {
    "id": "dfd0b199-d614-4ae5-bb9e-93413f3f83cc",
    "data": [
      {
        "text": "게임종료",
        "userDefined": false
      }
    ],
    "isTemplate": false,
    "count": 0
  },
  {
    "id": "9595e32f-4477-4973-9c0d-2f765b59b738",
    "data": [
      {
        "text": "게임종료\\",
        "userDefined": false
      }
    ],
    "isTemplate": false,
    "count": 0
  },
  {
    "id": "bcd898bd-a558-4c45-a73e-c17e4f197699",
    "data": [
      {
        "text": "오",
        "meta": "@sys.ignore",
        "userDefined": false
      },
      {
        "text": "와리",
        "userDefined": false
      }
    ],
    "isTemplate": false,
    "count": 0
  },
  {
    "id": "cf8b879a-6184-463a-baaa-f4d7a5fb6103",
    "data": [
      {
        "text": "게임끝",
        "userDefined": false
      }
    ],
    "isTemplate": false,
    "count": 0
  }
]