[
  {
    "id": "a8329aea-c58c-4ab5-8e0d-94db9fd59aa8",
    "data": [
      {
        "text": "게임 다",
        "userDefined": false
      },
      {
        "text": "시",
        "meta": "@sys.ignore",
        "userDefined": false
      },
      {
        "text": "하기",
        "userDefined": false
      }
    ],
    "isTemplate": false,
    "count": 0
  },
  {
    "id": "3d565156-fb96-4337-b7d0-6afd81e726ce",
    "data": [
      {
        "text": "재",
        "userDefined": false
      },
      {
        "text": "시",
        "meta": "@sys.ignore",
        "userDefined": false
      },
      {
        "text": "작",
        "userDefined": false
      }
    ],
    "isTemplate": false,
    "count": 0,
    "updated": 1513066244
  },
  {
    "id": "ec39d560-2ba6-4185-94bb-1ad9c3a96ed6",
    "data": [
      {
        "text": "뉴게임",
        "userDefined": false
      }
    ],
    "isTemplate": false,
    "count": 0,
    "updated": 1513066244
  },
  {
    "id": "cd1e5e8d-7894-4dda-8c41-f4a839b64a2e",
    "data": [
      {
        "text": "다",
        "userDefined": false
      },
      {
        "text": "시",
        "meta": "@sys.ignore",
        "userDefined": false
      }
    ],
    "isTemplate": false,
    "count": 0,
    "updated": 1513066244
  },
  {
    "id": "b3d757b6-38f0-4de4-aece-ff3552db2f46",
    "data": [
      {
        "text": "다",
        "userDefined": false
      },
      {
        "text": "시",
        "meta": "@sys.ignore",
        "userDefined": false
      },
      {
        "text": "하기",
        "userDefined": false
      }
    ],
    "isTemplate": false,
    "count": 0,
    "updated": 1513066244
  }
]