[
  {
    "id": "a90d79f0-f3ef-46bd-abef-e7d316a1f37c",
    "data": [
      {
        "text": "오",
        "meta": "@sys.ignore",
        "userDefined": false
      },
      {
        "text": "시마",
        "userDefined": false
      },
      {
        "text": "이",
        "meta": "@sys.ignore",
        "userDefined": false
      }
    ],
    "isTemplate": false,
    "count": 0
  },
  {
    "id": "bb0ca101-caa9-4dc9-b89f-dac419130a57",
    "data": [
      {
        "text": "오",
        "meta": "@sys.ignore",
        "userDefined": false
      },
      {
        "text": "와리",
        "userDefined": false
      }
    ],
    "isTemplate": false,
    "count": 0
  },
  {
    "id": "c7b6c76b-72af-4765-b63c-91988b0d9b30",
    "data": [
      {
        "text": "나가기",
        "userDefined": false
      }
    ],
    "isTemplate": false,
    "count": 0,
    "updated": 1513066281
  },
  {
    "id": "acd289c1-3913-48cf-bb91-ee0c97658b3d",
    "data": [
      {
        "text": "게임끝내기",
        "userDefined": false
      }
    ],
    "isTemplate": false,
    "count": 0,
    "updated": 1513066281
  }
]