[
  {
    "id": "6d718da8-6bf0-41b6-b9d5-a702079de1aa",
    "data": [
      {
        "text": "게임에서 나가기",
        "userDefined": false
      }
    ],
    "isTemplate": false,
    "count": 1
  },
  {
    "id": "1253812b-6299-41e5-94ce-c34462d923d0",
    "data": [
      {
        "text": "앱에서 나가기",
        "userDefined": false
      }
    ],
    "isTemplate": false,
    "count": 0
  },
  {
    "id": "cc3976cb-4c8f-4bbd-a7fa-d7ba7bd7bdfb",
    "data": [
      {
        "text": "나가기",
        "userDefined": false
      }
    ],
    "isTemplate": false,
    "count": 0,
    "updated": 1513066331
  },
  {
    "id": "1a09568a-7b29-45e2-bfba-2f910e0447ff",
    "data": [
      {
        "text": "게임끝",
        "userDefined": false
      }
    ],
    "isTemplate": false,
    "count": 0,
    "updated": 1513066331
  },
  {
    "id": "6e7437c5-f25f-478b-87c1-a1a693727504",
    "data": [
      {
        "text": "게임끝내기",
        "userDefined": false
      }
    ],
    "isTemplate": false,
    "count": 0,
    "updated": 1513066331
  }
]