[
  {
    "id": "136e16d2-4a77-4807-93ac-45c697581e6f",
    "data": [
      {
        "text": "시",
        "meta": "@sys.ignore",
        "userDefined": false
      },
      {
        "text": "작",
        "userDefined": false
      }
    ],
    "isTemplate": false,
    "count": 0,
    "updated": 1513086417
  },
  {
    "id": "734ba0b5-bcdb-454b-adec-26294e0f66f8",
    "data": [
      {
        "text": "게임스타트",
        "userDefined": false
      }
    ],
    "isTemplate": false,
    "count": 0,
    "updated": 1513086417
  },
  {
    "id": "79ed933e-20ec-4a1e-80ad-c4db759bccb6",
    "data": [
      {
        "text": "게임",
        "userDefined": false
      },
      {
        "text": "시",
        "meta": "@sys.ignore",
        "userDefined": false
      },
      {
        "text": "작",
        "userDefined": false
      }
    ],
    "isTemplate": false,
    "count": 0,
    "updated": 1513086417
  },
  {
    "id": "8b61abc9-0a0f-4533-b1fa-e78928c60a3c",
    "data": [
      {
        "text": "게임싲닥",
        "userDefined": false
      }
    ],
    "isTemplate": false,
    "count": 0,
    "updated": 1513086417
  }
]