[
  {
    "id": "1f710097-d325-4ba2-84c1-8368d31fa227",
    "data": [
      {
        "text": "다",
        "userDefined": false
      },
      {
        "text": "시",
        "meta": "@sys.ignore",
        "userDefined": false
      },
      {
        "text": "하기",
        "userDefined": false
      }
    ],
    "isTemplate": false,
    "count": 0,
    "updated": 1513066423
  },
  {
    "id": "a02ff2cd-d3e8-4eb9-bebc-9dee9457406f",
    "data": [
      {
        "text": "다",
        "userDefined": false
      },
      {
        "text": "시",
        "meta": "@sys.ignore",
        "userDefined": false
      }
    ],
    "isTemplate": false,
    "count": 0,
    "updated": 1513066423
  },
  {
    "id": "d3cd6874-a5a1-4f05-852a-325390339a28",
    "data": [
      {
        "text": "게임 다",
        "userDefined": false
      },
      {
        "text": "시",
        "meta": "@sys.ignore",
        "userDefined": false
      },
      {
        "text": "하기",
        "userDefined": false
      }
    ],
    "isTemplate": false,
    "count": 0,
    "updated": 1513066423
  }
]