[
  {
    "id": "1a399fa3-eb42-477b-a51f-18d1d5f70331",
    "data": [
      {
        "text": "게임하기",
        "userDefined": false
      }
    ],
    "isTemplate": false,
    "count": 0
  },
  {
    "id": "9e92db3c-58ed-4b93-91df-2404aac571fe",
    "data": [
      {
        "text": "게임",
        "userDefined": false
      }
    ],
    "isTemplate": false,
    "count": 0
  },
  {
    "id": "bbeb8e11-387f-4ee0-bc55-1a7a885f848d",
    "data": [
      {
        "text": "게임",
        "userDefined": false
      },
      {
        "text": "시",
        "meta": "@sys.ignore",
        "userDefined": false
      },
      {
        "text": "작",
        "userDefined": false
      }
    ],
    "isTemplate": false,
    "count": 0
  },
  {
    "id": "59fa9626-90c5-4e9f-92d4-4b38eecbf5ab",
    "data": [
      {
        "text": "게임스타트",
        "userDefined": false
      }
    ],
    "isTemplate": false,
    "count": 0
  }
]