[
  {
    "value": "211-4",
    "synonyms": [
      "신설동",
      "신설동역"
    ]
  },
  {
    "value": "217",
    "synonyms": [
      "잠실새내",
      "잠실새내역",
      "신천역",
      "신천"
    ]
  },
  {
    "value": "212",
    "synonyms": [
      "건대입구",
      "건대입구역"
    ]
  },
  {
    "value": "223",
    "synonyms": [
      "교대역",
      "교대역"
    ]
  },
  {
    "value": "201",
    "synonyms": [
      "시청역",
      "시청"
    ]
  },
  {
    "value": "219",
    "synonyms": [
      "삼성역",
      "삼성"
    ]
  },
  {
    "value": "234-2",
    "synonyms": [
      "양천구청",
      "양천구청역"
    ]
  },
  {
    "value": "223",
    "synonyms": [
      "교대",
      "교대역"
    ]
  },
  {
    "value": "230",
    "synonyms": [
      "신림",
      "신림역"
    ]
  },
  {
    "value": "232",
    "synonyms": [
      "구로역",
      "구로디지털단지역",
      "구로디지털단지"
    ]
  },
  {
    "value": "211-3",
    "synonyms": [
      "용두역",
      "용두"
    ]
  },
  {
    "value": "234-1",
    "synonyms": [
      "도림천역",
      "도림천"
    ]
  },
  {
    "value": "208",
    "synonyms": [
      "왕십리",
      "왕십리역"
    ]
  },
  {
    "value": "233",
    "synonyms": [
      "대림역",
      "대림"
    ]
  },
  {
    "value": "203",
    "synonyms": [
      "을지로입구역",
      "을지로입구"
    ]
  },
  {
    "value": "211-1",
    "synonyms": [
      "용답",
      "용답역"
    ]
  },
  {
    "value": "229",
    "synonyms": [
      "봉천역",
      "봉천"
    ]
  },
  {
    "value": "209",
    "synonyms": [
      "한양대역",
      "한양대"
    ]
  },
  {
    "value": "211-2",
    "synonyms": [
      "신답역",
      "신답"
    ]
  },
  {
    "value": "237",
    "synonyms": [
      "당산역",
      "당산"
    ]
  },
  {
    "value": "241",
    "synonyms": [
      "이대",
      "이화여대역",
      "이화여대",
      "이대역"
    ]
  },
  {
    "value": "202",
    "synonyms": [
      "을지로입구",
      "을지로입구역"
    ]
  },
  {
    "value": "211",
    "synonyms": [
      "성수역",
      "성수"
    ]
  },
  {
    "value": "214",
    "synonyms": [
      "강변역",
      "강변"
    ]
  },
  {
    "value": "215",
    "synonyms": [
      "잠실나루역",
      "잠실나루"
    ]
  },
  {
    "value": "221",
    "synonyms": [
      "역삼역",
      "역삼"
    ]
  },
  {
    "value": "234",
    "synonyms": [
      "신도림",
      "신도림역"
    ]
  },
  {
    "value": "218",
    "synonyms": [
      "종합운동장",
      "종합운동장역"
    ]
  },
  {
    "value": "238",
    "synonyms": [
      "합정",
      "합정역"
    ]
  },
  {
    "value": "240",
    "synonyms": [
      "신촌역",
      "신촌"
    ]
  },
  {
    "value": "242",
    "synonyms": [
      "아현역",
      "아현"
    ]
  },
  {
    "value": "234-3",
    "synonyms": [
      "신정네거리역",
      "신정네거리"
    ]
  },
  {
    "value": "234-4",
    "synonyms": [
      "까치산역",
      "까치산"
    ]
  },
  {
    "value": "220",
    "synonyms": [
      "선릉역",
      "선릉"
    ]
  },
  {
    "value": "213",
    "synonyms": [
      "구의역",
      "구의"
    ]
  },
  {
    "value": "220",
    "synonyms": [
      "선릉역",
      "선릉역"
    ]
  },
  {
    "value": "239",
    "synonyms": [
      "홍대",
      "홍대입구",
      "홍대입구역"
    ]
  },
  {
    "value": "210",
    "synonyms": [
      "뚝섬",
      "뚝섬역"
    ]
  },
  {
    "value": "205",
    "synonyms": [
      "동대문역",
      "동대문",
      "동대문역사문화공원역",
      "동대문역사문화공원"
    ]
  },
  {
    "value": "207",
    "synonyms": [
      "상왕십리",
      "상왕십리역"
    ]
  },
  {
    "value": "204",
    "synonyms": [
      "을지로4가",
      "을지로4가역"
    ]
  },
  {
    "value": "231",
    "synonyms": [
      "신대방역",
      "신대방"
    ]
  },
  {
    "value": "224",
    "synonyms": [
      "서초역",
      "서초"
    ]
  },
  {
    "value": "216",
    "synonyms": [
      "잠실",
      "잠실역"
    ]
  },
  {
    "value": "225",
    "synonyms": [
      "방배역",
      "방배"
    ]
  },
  {
    "value": "227",
    "synonyms": [
      "낙성대",
      "낙성대역"
    ]
  },
  {
    "value": "228",
    "synonyms": [
      "서울대입구",
      "서울대입구역"
    ]
  },
  {
    "value": "236",
    "synonyms": [
      "영등포구청역",
      "영등포구청"
    ]
  },
  {
    "value": "206",
    "synonyms": [
      "신당",
      "신당역"
    ]
  },
  {
    "value": "235",
    "synonyms": [
      "문래역",
      "문래"
    ]
  },
  {
    "value": "222",
    "synonyms": [
      "강남",
      "강남역"
    ]
  },
  {
    "value": "243",
    "synonyms": [
      "충정로역",
      "충정로"
    ]
  },
  {
    "value": "226",
    "synonyms": [
      "사당",
      "사당역"
    ]
  }
]