[
  {
    "id": "94f1a8ec-b1a5-4307-9db1-3d90c6701cd1",
    "data": [
      {
        "text": "금영",
        "alias": "device",
        "meta": "@device",
        "userDefined": true
      },
      {
        "text": "의 ",
        "userDefined": false
      },
      {
        "text": "시작",
        "alias": "any",
        "meta": "@sys.any",
        "userDefined": true
      },
      {
        "text": " 번호 알려줘",
        "userDefined": false
      }
    ],
    "isTemplate": false,
    "count": 0
  },
  {
    "id": "3abced05-61db-4c3f-92ae-d062302cb067",
    "data": [
      {
        "text": "태진",
        "alias": "device",
        "meta": "@device",
        "userDefined": true
      },
      {
        "text": "에서 ",
        "userDefined": false
      },
      {
        "text": "삼태기메들리",
        "alias": "any",
        "meta": "@sys.any",
        "userDefined": true
      },
      {
        "text": " 번호는",
        "userDefined": false
      }
    ],
    "isTemplate": false,
    "count": 0
  },
  {
    "id": "2eb77c23-2cef-4028-a535-48439381caab",
    "data": [
      {
        "text": "금영",
        "alias": "device",
        "meta": "@device",
        "userDefined": false
      },
      {
        "text": "의 노래검색",
        "userDefined": false
      }
    ],
    "isTemplate": false,
    "count": 0
  }
]