[
  {
    "id": "6381efc2-63a5-4d43-960b-8b75e7be64d7",
    "data": [
      {
        "text": "금영",
        "alias": "device",
        "meta": "@device",
        "userDefined": false
      },
      {
        "text": " ",
        "userDefined": false
      },
      {
        "text": "난알아요",
        "alias": "any",
        "meta": "@sys.any",
        "userDefined": true
      }
    ],
    "isTemplate": false,
    "count": 0
  },
  {
    "id": "1f6d108f-2527-4a29-a7a1-6e457a87da11",
    "data": [
      {
        "text": "태진",
        "alias": "device",
        "meta": "@device",
        "userDefined": false
      },
      {
        "text": "의 ",
        "userDefined": false
      },
      {
        "text": "휴대폰애가",
        "alias": "any",
        "meta": "@sys.any",
        "userDefined": true
      },
      {
        "text": "를 검색해",
        "userDefined": false
      }
    ],
    "isTemplate": false,
    "count": 0
  },
  {
    "id": "0ffbdaad-30e4-4657-bc10-bc601658e887",
    "data": [
      {
        "text": "태진",
        "alias": "device",
        "meta": "@device",
        "userDefined": false
      },
      {
        "text": "의 ",
        "userDefined": false
      },
      {
        "text": "링딩동",
        "alias": "any",
        "meta": "@sys.any",
        "userDefined": true
      },
      {
        "text": " 검색",
        "userDefined": false
      }
    ],
    "isTemplate": false,
    "count": 0
  },
  {
    "id": "e0dbaf99-3223-4152-961f-ea59738619ac",
    "data": [
      {
        "text": "금영",
        "alias": "device",
        "meta": "@device",
        "userDefined": false
      },
      {
        "text": "에서 ",
        "userDefined": false
      },
      {
        "text": "시작",
        "alias": "any",
        "meta": "@sys.any",
        "userDefined": true
      },
      {
        "text": "을 찾아줘",
        "userDefined": false
      }
    ],
    "isTemplate": false,
    "count": 0
  },
  {
    "id": "eda70e3b-0194-4338-9418-64f0b088bb65",
    "data": [
      {
        "text": "금영",
        "alias": "device",
        "meta": "@device",
        "userDefined": false
      },
      {
        "text": "의 ",
        "userDefined": false
      },
      {
        "text": "시작",
        "alias": "any",
        "meta": "@sys.any",
        "userDefined": true
      },
      {
        "text": "을 검색해",
        "userDefined": false
      }
    ],
    "isTemplate": false,
    "count": 0
  },
  {
    "id": "2bd93771-04c7-44a5-9799-b47ebf970947",
    "data": [
      {
        "text": "금영",
        "alias": "device",
        "meta": "@device",
        "userDefined": false
      },
      {
        "text": "의 노래 ",
        "userDefined": false
      },
      {
        "text": "아시나요",
        "alias": "any",
        "meta": "@sys.any",
        "userDefined": true
      },
      {
        "text": "를 검색",
        "userDefined": false
      }
    ],
    "isTemplate": false,
    "count": 0
  },
  {
    "id": "65418629-8bc9-45ed-a122-b307c75e2d1d",
    "data": [
      {
        "text": "금영",
        "alias": "device",
        "meta": "@device",
        "userDefined": false
      },
      {
        "text": "의 음악 ",
        "userDefined": false
      },
      {
        "text": "강남스타일",
        "alias": "any",
        "meta": "@sys.any",
        "userDefined": true
      },
      {
        "text": "의 번호",
        "userDefined": false
      }
    ],
    "isTemplate": false,
    "count": 0
  },
  {
    "id": "fe4c0933-4547-4954-95d3-0abe5d47406d",
    "data": [
      {
        "text": "태진",
        "alias": "device",
        "meta": "@device",
        "userDefined": false
      },
      {
        "text": "에서 음악 ",
        "userDefined": false
      },
      {
        "text": "아시나요",
        "alias": "any",
        "meta": "@sys.any",
        "userDefined": true
      },
      {
        "text": "를 찾아줘",
        "userDefined": false
      }
    ],
    "isTemplate": false,
    "count": 0
  }
]