[
  {
    "id": "7914755b-2dec-4f2c-bb22-19c7012ab951",
    "data": [
      {
        "text": "exit",
        "userDefined": false
      }
    ],
    "isTemplate": false,
    "count": 0
  },
  {
    "id": "9ae33235-58e1-480b-a3ab-17ed1511fd9d",
    "data": [
      {
        "text": "끝내기",
        "userDefined": false
      }
    ],
    "isTemplate": false,
    "count": 0
  },
  {
    "id": "5a89debb-5188-4d63-ae83-18dd53a861f6",
    "data": [
      {
        "text": "앱을 종료해줘",
        "userDefined": false
      }
    ],
    "isTemplate": false,
    "count": 0
  },
  {
    "id": "bc824e02-8645-452b-afd7-a8baaac2aebd",
    "data": [
      {
        "text": "종료",
        "userDefined": false
      }
    ],
    "isTemplate": false,
    "count": 0
  },
  {
    "id": "6742c9cc-edfe-4201-9011-85c20c6022aa",
    "data": [
      {
        "text": "End",
        "userDefined": false
      }
    ],
    "isTemplate": false,
    "count": 0
  },
  {
    "id": "024f5696-5a83-4346-9295-d84450a1565c",
    "data": [
      {
        "text": "나갈래",
        "userDefined": false
      }
    ],
    "isTemplate": false,
    "count": 0
  },
  {
    "id": "90e14d30-49da-4b24-a119-2ac4e8184d26",
    "data": [
      {
        "text": "그만하기",
        "userDefined": false
      }
    ],
    "isTemplate": false,
    "count": 0
  },
  {
    "id": "34d41ae9-7ef1-49a8-9424-8d73ac491108",
    "data": [
      {
        "text": "그만두기",
        "userDefined": false
      }
    ],
    "isTemplate": false,
    "count": 0
  },
  {
    "id": "7d42c5f0-123b-4d8a-9b03-e3072d55171f",
    "data": [
      {
        "text": "챗봇을 나갈래",
        "userDefined": false
      }
    ],
    "isTemplate": false,
    "count": 0
  }
]