[
  {
    "id": "fa318a37-6f26-41cd-a350-4dfe7a778950",
    "data": [
      {
        "text": "매뉴얼",
        "userDefined": false
      }
    ],
    "isTemplate": false,
    "count": 0
  },
  {
    "id": "d8464706-57b2-45d3-9c74-0d890b57a8d1",
    "data": [
      {
        "text": "헬프",
        "userDefined": false
      }
    ],
    "isTemplate": false,
    "count": 0
  },
  {
    "id": "056986f9-c873-43b3-b08e-4c28622c3afd",
    "data": [
      {
        "text": "메뉴",
        "userDefined": false
      }
    ],
    "isTemplate": false,
    "count": 0
  },
  {
    "id": "9c41daba-5ef3-4394-92f4-aee7de596c8b",
    "data": [
      {
        "text": "매뉴",
        "userDefined": false
      }
    ],
    "isTemplate": false,
    "count": 0
  },
  {
    "id": "f3f7d258-7491-4360-883f-69307d8dcfb8",
    "data": [
      {
        "text": "도움말",
        "userDefined": false
      }
    ],
    "isTemplate": false,
    "count": 0
  },
  {
    "id": "ef73b665-8e21-4d96-a30e-2714341255ff",
    "data": [
      {
        "text": "도움!",
        "userDefined": false
      }
    ],
    "isTemplate": false,
    "count": 0
  },
  {
    "id": "181aa6f5-91d6-470d-bfcb-24a9df7436cf",
    "data": [
      {
        "text": "메뉴얼",
        "userDefined": false
      }
    ],
    "isTemplate": false,
    "count": 0
  }
]