[
  {
    "id": "867a0f8e-a65b-48c8-b8b2-4207acc7f9a4",
    "data": [
      {
        "text": "게임하기",
        "userDefined": false
      }
    ],
    "isTemplate": false,
    "count": 0
  },
  {
    "id": "46aca566-7ffd-46ae-983c-705080c6dbed",
    "data": [
      {
        "text": "게임시작",
        "userDefined": false
      }
    ],
    "isTemplate": false,
    "count": 0
  },
  {
    "id": "3c78832d-ec81-44a5-83ce-32964461c72d",
    "data": [
      {
        "text": "시작",
        "userDefined": false
      }
    ],
    "isTemplate": false,
    "count": 0
  }
]