[
  {
    "id": "c8486f45-b9e8-46ce-8b03-51f0e2e0e5dd",
    "data": [
      {
        "text": "러브라이브 퀴즈 해줘",
        "userDefined": false
      }
    ],
    "isTemplate": false,
    "count": 0
  },
  {
    "id": "ea83e669-3b58-40d2-8a04-c21eb9d3f3b0",
    "data": [
      {
        "text": "러브라이브 게임",
        "userDefined": false
      }
    ],
    "isTemplate": false,
    "count": 0
  },
  {
    "id": "a4d23b80-2f9b-4e09-8055-ea289937fdcf",
    "data": [
      {
        "text": "젠카이노 러브라이브",
        "userDefined": false
      }
    ],
    "isTemplate": false,
    "count": 0
  },
  {
    "id": "fd910d01-37d8-46eb-9a41-eecc3d221a56",
    "data": [
      {
        "text": "러브라이브 퀴즈",
        "userDefined": false
      }
    ],
    "isTemplate": false,
    "count": 0
  },
  {
    "id": "ca256151-8e81-4ac9-877e-a72b7c9d0a55",
    "data": [
      {
        "text": "러브라이브 알아?",
        "userDefined": false
      }
    ],
    "isTemplate": false,
    "count": 0
  }
]