[
  {
    "id": "d56fe771-17f0-40c3-b5e7-e9bd30b58a27",
    "data": [
      {
        "text": "그만하기",
        "userDefined": false
      }
    ],
    "isTemplate": false,
    "count": 0
  },
  {
    "id": "e9a104c5-1030-4631-8949-2bcd85088eec",
    "data": [
      {
        "text": "종료",
        "userDefined": false
      }
    ],
    "isTemplate": false,
    "count": 0
  },
  {
    "id": "c5f451ab-1722-4b6f-aebb-c4f269c794eb",
    "data": [
      {
        "text": "끝내기",
        "userDefined": false
      }
    ],
    "isTemplate": false,
    "count": 0
  },
  {
    "id": "c7fc4bd1-8265-4957-8a12-efbe9149efb6",
    "data": [
      {
        "text": "나갈래",
        "userDefined": false
      }
    ],
    "isTemplate": false,
    "count": 0
  },
  {
    "id": "7d9709b6-f727-442c-a52c-6c787c1e00ce",
    "data": [
      {
        "text": "End",
        "userDefined": false
      }
    ],
    "isTemplate": false,
    "count": 0
  },
  {
    "id": "52e87422-9ee2-4774-914a-b40873de5583",
    "data": [
      {
        "text": "그만두기",
        "userDefined": false
      }
    ],
    "isTemplate": false,
    "count": 0
  },
  {
    "id": "331c0cb2-78f4-4eb5-981d-3e3723667f5f",
    "data": [
      {
        "text": "exit",
        "userDefined": false
      }
    ],
    "isTemplate": false,
    "count": 0
  }
]