[
  {
    "id": "be280df5-ef98-4df8-8b3b-0e70dbf1f869",
    "data": [
      {
        "text": "3",
        "alias": "number",
        "meta": "@sys.number",
        "userDefined": false
      },
      {
        "text": "번",
        "userDefined": false
      }
    ],
    "isTemplate": false,
    "count": 0
  },
  {
    "id": "29865ca6-45cd-437e-87d4-e2dc96f8e189",
    "data": [
      {
        "text": "2",
        "alias": "number",
        "meta": "@sys.number",
        "userDefined": false
      },
      {
        "text": "번",
        "userDefined": false
      }
    ],
    "isTemplate": false,
    "count": 0
  },
  {
    "id": "298d6a93-2f6c-4d8f-a69d-33cb102de3a3",
    "data": [
      {
        "text": "1",
        "alias": "number",
        "meta": "@sys.number",
        "userDefined": false
      },
      {
        "text": "번",
        "userDefined": false
      }
    ],
    "isTemplate": false,
    "count": 0
  }
]