[
  {
    "id": "53714411-d731-494c-a1c0-7551967ce2a0",
    "data": [
      {
        "text": "매뉴",
        "userDefined": false
      }
    ],
    "isTemplate": false,
    "count": 0
  },
  {
    "id": "8d48b802-2211-4533-a12e-a8ebb54704de",
    "data": [
      {
        "text": "매뉴얼",
        "userDefined": false
      }
    ],
    "isTemplate": false,
    "count": 0
  },
  {
    "id": "7031d06d-4787-4ae9-9a70-3ad7905d69c9",
    "data": [
      {
        "text": "헬프",
        "userDefined": false
      }
    ],
    "isTemplate": false,
    "count": 0
  },
  {
    "id": "1748dd2a-894d-4d4d-a301-c829996d3de6",
    "data": [
      {
        "text": "메뉴",
        "userDefined": false
      }
    ],
    "isTemplate": false,
    "count": 0
  },
  {
    "id": "fa47a839-8bdf-4403-be42-41b3a1728518",
    "data": [
      {
        "text": "도움!",
        "userDefined": false
      }
    ],
    "isTemplate": false,
    "count": 0
  },
  {
    "id": "fa71dd61-9a07-48a1-89c6-f6e77b949a3a",
    "data": [
      {
        "text": "도움말",
        "userDefined": false
      }
    ],
    "isTemplate": false,
    "count": 0
  },
  {
    "id": "aa6c90d2-04f3-49ee-a598-7f1b9bc95418",
    "data": [
      {
        "text": "메뉴얼",
        "userDefined": false
      }
    ],
    "isTemplate": false,
    "count": 0
  }
]