[
  {
    "id": "1befe0b5-9a85-47d5-a250-6360f89d7813",
    "data": [
      {
        "text": "뒤로가기",
        "userDefined": false
      }
    ],
    "isTemplate": false,
    "count": 0
  },
  {
    "id": "37fe4cb2-8e9a-4431-9a4b-04168fe017d1",
    "data": [
      {
        "text": "이전",
        "userDefined": false
      }
    ],
    "isTemplate": false,
    "count": 0
  },
  {
    "id": "fc07d4e1-887d-4ebf-b629-f86b8bba74fa",
    "data": [
      {
        "text": "이전으로 가기",
        "userDefined": false
      }
    ],
    "isTemplate": false,
    "count": 0
  },
  {
    "id": "2990529d-11a3-401b-8915-5e52574f4d29",
    "data": [
      {
        "text": "뒤로",
        "userDefined": false
      }
    ],
    "isTemplate": false,
    "count": 0
  },
  {
    "id": "2c040654-7f50-4fca-a060-c29993a1b043",
    "data": [
      {
        "text": "이전 재생",
        "userDefined": false
      }
    ],
    "isTemplate": false,
    "count": 0
  }
]