[
  {
    "id": "d3d66edc-5ce9-4a34-a377-2b0007ef6103",
    "data": [
      {
        "text": "다시",
        "userDefined": false
      }
    ],
    "isTemplate": false,
    "count": 0
  },
  {
    "id": "7b233290-de9c-43f5-acc3-5c7ac8fa495c",
    "data": [
      {
        "text": "다시듣기",
        "userDefined": false
      }
    ],
    "isTemplate": false,
    "count": 0
  },
  {
    "id": "8a5d8b52-d76d-4782-b5a8-925515775927",
    "data": [
      {
        "text": "다시 재생",
        "userDefined": false
      }
    ],
    "isTemplate": false,
    "count": 0
  },
  {
    "id": "1154206b-e255-4a77-a5af-1c7e9c9a512f",
    "data": [
      {
        "text": "뭐라고",
        "userDefined": false
      }
    ],
    "isTemplate": false,
    "count": 0
  },
  {
    "id": "7f33b241-ae79-4491-b623-f235fb220105",
    "data": [
      {
        "text": "다시한번 듣기",
        "userDefined": false
      }
    ],
    "isTemplate": false,
    "count": 0
  }
]