[
  {
    "value": "우에사카 스미레",
    "synonyms": [
      "우에사카 스미레",
      "우에사키 스미레"
    ]
  },
  {
    "value": "소라미 유키",
    "synonyms": [
      "소라미 유키"
    ]
  },
  {
    "value": "도요사끼 아끼",
    "synonyms": [
      "토요사키 아키",
      "도요사끼 아끼"
    ]
  },
  {
    "value": "야마모토 노조미",
    "synonyms": [
      "야마모토 노조미"
    ]
  },
  {
    "value": "코미야 아리사",
    "synonyms": [
      "코미야 아리사"
    ]
  },
  {
    "value": "마에다 카오리",
    "synonyms": [
      "마에다 카오리"
    ]
  },
  {
    "value": "이토 아야사",
    "synonyms": [
      "이토 아야사"
    ]
  },
  {
    "value": "쿠로키 호노카",
    "synonyms": [
      "쿠로키 호노카"
    ]
  },
  {
    "value": "나루미 루나",
    "synonyms": [
      "나루미 루나"
    ]
  },
  {
    "value": "호시키 세에나",
    "synonyms": [
      "호시키 세에나",
      "호시키 세나"
    ]
  },
  {
    "value": "타무라 유카리",
    "synonyms": [
      "타무라 유카리"
    ]
  },
  {
    "value": "혼도 카에데",
    "synonyms": [
      "혼도 카에데"
    ]
  },
  {
    "value": "타카야나기 토모요",
    "synonyms": [
      "타카야나기 토모요"
    ]
  },
  {
    "value": "아이자와 사야",
    "synonyms": [
      "아이자와 사야"
    ]
  },
  {
    "value": "쿠스다 아이나",
    "synonyms": [
      "쿠스다 아이나"
    ]
  },
  {
    "value": "코미네 아미",
    "synonyms": [
      "코미네 아미"
    ]
  },
  {
    "value": "테루이 하루카",
    "synonyms": [
      "테루이 하루카"
    ]
  },
  {
    "value": "오자키 유카",
    "synonyms": [
      "오자키 유카"
    ]
  },
  {
    "value": "코토부키 미나코",
    "synonyms": [
      "코토부키 미나코"
    ]
  },
  {
    "value": "타카하시 리에",
    "synonyms": [
      "타카하시 리에"
    ]
  },
  {
    "value": "히나자와 카나",
    "synonyms": [
      "히나자와 카나"
    ]
  },
  {
    "value": "타카츠키 카나코",
    "synonyms": [
      "타카츠키 카나코"
    ]
  },
  {
    "value": "미즈타니 마린",
    "synonyms": [
      "미즈타니 마린"
    ]
  },
  {
    "value": "아츠기 나나미",
    "synonyms": [
      "아츠기 나나미",
      "아츠키 나나미"
    ]
  },
  {
    "value": "오오조라 나오미",
    "synonyms": [
      "오오조라 나오미"
    ]
  },
  {
    "value": "우치다 마아야",
    "synonyms": [
      "우치다 마아야"
    ]
  },
  {
    "value": "코바야시 아이카",
    "synonyms": [
      "코바야시 아이카"
    ]
  },
  {
    "value": "마에시마 아미",
    "synonyms": [
      "마에시마 아미"
    ]
  },
  {
    "value": "나카무라 에리코",
    "synonyms": [
      "나카무라 에리코"
    ]
  },
  {
    "value": "시오이리 아스카",
    "synonyms": [
      "시오이리 아스카"
    ]
  },
  {
    "value": "이구치 유카",
    "synonyms": [
      "이구치 유카"
    ]
  },
  {
    "value": "시부야 아즈키",
    "synonyms": [
      "시부야 아즈키"
    ]
  },
  {
    "value": "아오키 시키",
    "synonyms": [
      "아오키 시키"
    ]
  },
  {
    "value": "니시모토 리미",
    "synonyms": [
      "니시모토 리미"
    ]
  },
  {
    "value": "마에다 레나",
    "synonyms": [
      "마에다 레나"
    ]
  },
  {
    "value": "타카다 유우키",
    "synonyms": [
      "타카다 유우키",
      "타카다 유키",
      "타카타 유키"
    ]
  },
  {
    "value": "히야시 코코",
    "synonyms": [
      "히야시 코코",
      "히야시 쿄코"
    ]
  },
  {
    "value": "도요다 모에",
    "synonyms": [
      "도요다 모에",
      "도요타 모에"
    ]
  },
  {
    "value": "스즈키 아이나",
    "synonyms": [
      "스즈키 아이나"
    ]
  },
  {
    "value": "아야시타 나나미",
    "synonyms": [
      "아야시타 나나미"
    ]
  },
  {
    "value": "오오노 유우코",
    "synonyms": [
      "오오노 유우코"
    ]
  },
  {
    "value": "야마시타 마미",
    "synonyms": [
      "야마시타 마미"
    ]
  },
  {
    "value": "모리시마 유우카",
    "synonyms": [
      "모리시마 유우카",
      "모리시마 유카"
    ]
  },
  {
    "value": "우에다 레이나",
    "synonyms": [
      "우에다 레이나"
    ]
  },
  {
    "value": "니시아스카",
    "synonyms": [
      "니시아스카",
      "니시 아스카"
    ]
  },
  {
    "value": "사사키 미코이",
    "synonyms": [
      "사사키 미코이"
    ]
  },
  {
    "value": "코야마 모모요",
    "synonyms": [
      "코야마 모모요"
    ]
  },
  {
    "value": "코이와이 코토리",
    "synonyms": [
      "코이와이 코토리"
    ]
  },
  {
    "value": "닛타 에미",
    "synonyms": [
      "닛타 에미"
    ]
  },
  {
    "value": "타도코로 아즈사",
    "synonyms": [
      "타도코로 아즈사"
    ]
  },
  {
    "value": "우에다 히카루",
    "synonyms": [
      "우에다 히카루"
    ]
  },
  {
    "value": "마츠다 사츠미",
    "synonyms": [
      "마츠다 사츠미"
    ]
  },
  {
    "value": "스와 나나카",
    "synonyms": [
      "스와 나나카"
    ]
  },
  {
    "value": "나카무라 사쿠라",
    "synonyms": [
      "나카무라 사쿠라"
    ]
  },
  {
    "value": "오오니시 사오리",
    "synonyms": [
      "오오니시 사오리"
    ]
  },
  {
    "value": "미네우치 토모미",
    "synonyms": [
      "미네우치 토모미"
    ]
  },
  {
    "value": "모리야 사토미",
    "synonyms": [
      "모리야 사토미"
    ]
  },
  {
    "value": "야마구치 리카코",
    "synonyms": [
      "야마구치 리카코"
    ]
  },
  {
    "value": "아이미",
    "synonyms": [
      "아이미"
    ]
  },
  {
    "value": "시노다 미나미",
    "synonyms": [
      "시노다 미나미",
      "시노타 미나미"
    ]
  },
  {
    "value": "나카지마 유이",
    "synonyms": [
      "나카지마 유이"
    ]
  },
  {
    "value": "사토 히나타",
    "synonyms": [
      "사토 히나타"
    ]
  },
  {
    "value": "타나카 타카코",
    "synonyms": [
      "타나카 타카코",
      "다나카 타카코"
    ]
  },
  {
    "value": "고미 마리카",
    "synonyms": [
      "고미 마리카"
    ]
  },
  {
    "value": "도카쯔 하루카",
    "synonyms": [
      "도카쯔 하루카",
      "도마츠 하루카"
    ]
  },
  {
    "value": "이나미 안쥬",
    "synonyms": [
      "이나미 안쥬",
      "이나미 안주"
    ]
  },
  {
    "value": "아오키 마오",
    "synonyms": [
      "아오키 마오"
    ]
  },
  {
    "value": "스즈키 미노리",
    "synonyms": [
      "스즈키 미노리"
    ]
  },
  {
    "value": "노다 루리",
    "synonyms": [
      "노다 루리"
    ]
  },
  {
    "value": "후치가미 마이",
    "synonyms": [
      "후치가미 마이",
      "후치카미 마이"
    ]
  },
  {
    "value": "미즈마 토모미",
    "synonyms": [
      "미즈마 토모미"
    ]
  },
  {
    "value": "하루나 루나",
    "synonyms": [
      "하루나 루나"
    ]
  },
  {
    "value": "와키아즈미",
    "synonyms": [
      "와키아즈미"
    ]
  },
  {
    "value": "치스가하루카",
    "synonyms": [
      "치스가하루카",
      "치스카 하루카"
    ]
  },
  {
    "value": "니이나 마코",
    "synonyms": [
      "니이나 마코"
    ]
  },
  {
    "value": "코시즈미 아미",
    "synonyms": [
      "코시즈미 아미"
    ]
  },
  {
    "value": "혼다 라미코",
    "synonyms": [
      "혼다 라미코",
      "고토 사오리"
    ]
  },
  {
    "value": "오오제키 에리",
    "synonyms": [
      "오오제키 에리"
    ]
  },
  {
    "value": "무라가와 리에",
    "synonyms": [
      "무라가와 리에",
      "무라카와 리에"
    ]
  },
  {
    "value": "아카네야히마카",
    "synonyms": [
      "아카네야히마카"
    ]
  },
  {
    "value": "아이다 리카코",
    "synonyms": [
      "아이다 리카코"
    ]
  },
  {
    "value": "야시마 사라라",
    "synonyms": [
      "야시마 사라라"
    ]
  },
  {
    "value": "야마모토 아야노",
    "synonyms": [
      "야마모토 아야노"
    ]
  },
  {
    "value": "하라유미",
    "synonyms": [
      "하라유미"
    ]
  },
  {
    "value": "타치바나 리카",
    "synonyms": [
      "타치바나 리카"
    ]
  },
  {
    "value": "이토 미쿠",
    "synonyms": [
      "이토 미쿠"
    ]
  },
  {
    "value": "스자카 아야",
    "synonyms": [
      "스자카 아야"
    ]
  },
  {
    "value": "아이자와 마이",
    "synonyms": [
      "아이자와 마이"
    ]
  },
  {
    "value": "코타츠미야코",
    "synonyms": [
      "코타츠미야코"
    ]
  },
  {
    "value": "야마자키 하루카",
    "synonyms": [
      "야마자키 하루카"
    ]
  },
  {
    "value": "요시오카 마유",
    "synonyms": [
      "요시오카 마유"
    ]
  },
  {
    "value": "모리노 마코",
    "synonyms": [
      "모리노 마코"
    ]
  },
  {
    "value": "아오키 루리코",
    "synonyms": [
      "아오키 루리코"
    ]
  },
  {
    "value": "세리자와 유우",
    "synonyms": [
      "세리자와 유우",
      "세리자와 우유"
    ]
  },
  {
    "value": "이이다 유코",
    "synonyms": [
      "이이다 유코"
    ]
  },
  {
    "value": "사이토 유카",
    "synonyms": [
      "사이토 유카"
    ]
  },
  {
    "value": "네모토 루카",
    "synonyms": [
      "네모토 루카"
    ]
  },
  {
    "value": "타케타츠 아야나",
    "synonyms": [
      "타케타츠 아야나"
    ]
  },
  {
    "value": "쿠보타 미유",
    "synonyms": [
      "쿠보타 미유"
    ]
  },
  {
    "value": "시바이리 노조미",
    "synonyms": [
      "시바이리 노조미"
    ]
  },
  {
    "value": "쿠와하라 유우키",
    "synonyms": [
      "쿠와하라 유쿠키",
      "쿠와하라 유키"
    ]
  },
  {
    "value": "쿠와야마 코토네",
    "synonyms": [
      "쿠와야마 코토네"
    ]
  },
  {
    "value": "스와 아야카",
    "synonyms": [
      "스와 아야카"
    ]
  },
  {
    "value": "우에다 카나",
    "synonyms": [
      "우에다 카나"
    ]
  },
  {
    "value": "요시오카 마야",
    "synonyms": [
      "요시오카 마야"
    ]
  },
  {
    "value": "다나카 아이미",
    "synonyms": [
      "다나카 아이미"
    ]
  },
  {
    "value": "다이몬 카미",
    "synonyms": [
      "다이몬 카미"
    ]
  },
  {
    "value": "후지무라 코노미",
    "synonyms": [
      "후지무라 코노미"
    ]
  },
  {
    "value": "아마미야 소라",
    "synonyms": [
      "아마미야 소라"
    ]
  },
  {
    "value": "오오츠보 유카",
    "synonyms": [
      "오오츠보 유카"
    ]
  },
  {
    "value": "아이사카 유카",
    "synonyms": [
      "아이사카 유카"
    ]
  },
  {
    "value": "오오이 마리에",
    "synonyms": [
      "오오이 마리에"
    ]
  },
  {
    "value": "치하라 미노리",
    "synonyms": [
      "치하라 미노리",
      "미노링"
    ]
  },
  {
    "value": "다까하시 치아끼",
    "synonyms": [
      "다까하시 치아끼",
      "다카하시 치아키",
      "타카하시 치아키"
    ]
  },
  {
    "value": "이쿠타 테루",
    "synonyms": [
      "이쿠타 테루",
      "이쿠타 데루"
    ]
  },
  {
    "value": "타네자키 아츠미",
    "synonyms": [
      "타네자키 아츠미"
    ]
  },
  {
    "value": "마츠다이라 나나",
    "synonyms": [
      "마츠다이라 나나"
    ]
  },
  {
    "value": "코하라 리코",
    "synonyms": [
      "코하라 리코"
    ]
  },
  {
    "value": "다카쿠라 유카",
    "synonyms": [
      "다카쿠라 유카"
    ]
  },
  {
    "value": "와타나베 유이",
    "synonyms": [
      "와타나베 유이"
    ]
  },
  {
    "value": "야마자키 에리이",
    "synonyms": [
      "야마자키 에리이"
    ]
  },
  {
    "value": "마키노 유이",
    "synonyms": [
      "마키노 유이"
    ]
  },
  {
    "value": "후리하타 아이",
    "synonyms": [
      "후리하타 아이"
    ]
  },
  {
    "value": "히로세 유우키",
    "synonyms": [
      "히로세 유우키",
      "히로세 유키"
    ]
  },
  {
    "value": "시니다 노조미",
    "synonyms": [
      "시니다 노조미"
    ]
  },
  {
    "value": "신타니 료코",
    "synonyms": [
      "신타니 료코"
    ]
  },
  {
    "value": "카자네",
    "synonyms": [
      "카자네"
    ]
  },
  {
    "value": "이자와 미카코",
    "synonyms": [
      "이자와 미카코"
    ]
  },
  {
    "value": "타카이 마이카",
    "synonyms": [
      "타카이 마이카"
    ]
  },
  {
    "value": "하루사키 논",
    "synonyms": [
      "하루사키 논",
      "하루사키 놈"
    ]
  },
  {
    "value": "이가라시 히로미",
    "synonyms": [
      "이가라시 히로미"
    ]
  },
  {
    "value": "타지와 마스미",
    "synonyms": [
      "타지와 마스미"
    ]
  },
  {
    "value": "타카하시 카린",
    "synonyms": [
      "타카하시 카린"
    ]
  },
  {
    "value": "코우다 마리코",
    "synonyms": [
      "코우다 마리코"
    ]
  },
  {
    "value": "다이치 요우",
    "synonyms": [
      "다이치 요우"
    ]
  },
  {
    "value": "다카가끼 아야히",
    "synonyms": [
      "다카가끼 아야히",
      "다카카키 아야히"
    ]
  },
  {
    "value": "유우키 아오이",
    "synonyms": [
      "유우키 아오이",
      "유키 아오이"
    ]
  }
]