[
  {
    "value": "ZEC",
    "synonyms": [
      "ZEC",
      "제트캐쉬",
      "제트",
      "젯토"
    ]
  },
  {
    "value": "GNT",
    "synonyms": [
      "GNT",
      "골렘",
      "골램",
      "고랩",
      "고렙"
    ]
  },
  {
    "value": "ICX",
    "synonyms": [
      "ICX",
      "아이콘"
    ]
  },
  {
    "value": "DASH",
    "synonyms": [
      "DASH",
      "대쉬",
      "댓쉬",
      "대쉬 코인",
      "4시",
      "대 씨",
      "DC",
      "몇 시"
    ]
  },
  {
    "value": "REP",
    "synonyms": [
      "REP",
      "어거"
    ]
  },
  {
    "value": "CTXC",
    "synonyms": [
      "CTXC",
      "코르텍스",
      "코르테스"
    ]
  },
  {
    "value": "THETA",
    "synonyms": [
      "THETA",
      "쎄타코인",
      "쎄타",
      "세타",
      "세차"
    ]
  },
  {
    "value": "PAY",
    "synonyms": [
      "PAY",
      "텐엑스페이토큰",
      "텐엑스페이"
    ]
  },
  {
    "value": "STRAT",
    "synonyms": [
      "STRAT",
      "스트라티스"
    ]
  },
  {
    "value": "TRUE",
    "synonyms": [
      "TRUE",
      "트루체인",
      "트루"
    ]
  },
  {
    "value": "LTC",
    "synonyms": [
      "LTC",
      "라이트코인",
      "라이트 코인",
      "라이토 코인"
    ]
  },
  {
    "value": "QTUM",
    "synonyms": [
      "QTUM",
      "퀀텀",
      "퀸텀",
      "칸텀",
      "퀀텀 코인",
      "컨텀"
    ]
  },
  {
    "value": "SNT",
    "synonyms": [
      "SNT",
      "스테이터스네트워크",
      "스테이터스네트워크토큰",
      "스튼"
    ]
  },
  {
    "value": "TRX",
    "synonyms": [
      "TRX",
      "트론",
      "드론",
      "트롬"
    ]
  },
  {
    "value": "AE",
    "synonyms": [
      "AE",
      "애터니티",
      "이터니티",
      "이터니티",
      "에터니티"
    ]
  },
  {
    "value": "PLY",
    "synonyms": [
      "PLY",
      "플레이코인",
      "플레이"
    ]
  },
  {
    "value": "BTG",
    "synonyms": [
      "BTG",
      "비트코인 골드"
    ]
  },
  {
    "value": "XRP",
    "synonyms": [
      "XRP",
      "리플",
      "리플스",
      "리플 코인",
      "리플즈",
      "리또속"
    ]
  },
  {
    "value": "ELF",
    "synonyms": [
      "ELF",
      "엘프코인",
      "엘프"
    ]
  },
  {
    "value": "ETH",
    "synonyms": [
      "ETH",
      "이더리움",
      "이다리움",
      "이더리움 캐쉬",
      "이더리움 코인"
    ]
  },
  {
    "value": "EOS",
    "synonyms": [
      "EOS",
      "이오스",
      "히오스",
      "히어로즈 오브 스톰",
      "이오스코인",
      "이오스 코인",
      "버스",
      "여수",
      "뉴스",
      "eo3"
    ]
  },
  {
    "value": "MCO",
    "synonyms": [
      "MCO",
      "모나코"
    ]
  },
  {
    "value": "HSR",
    "synonyms": [
      "HSR",
      "에이치쉐어",
      "Hshare"
    ]
  },
  {
    "value": "WAX",
    "synonyms": [
      "WAX",
      "왁스"
    ]
  },
  {
    "value": "ITC",
    "synonyms": [
      "ITC",
      "아이오티",
      "아이오티코인",
      "iot"
    ]
  },
  {
    "value": "ABT",
    "synonyms": [
      "ABT",
      "아크블록"
    ]
  },
  {
    "value": "BTC",
    "synonyms": [
      "BTC",
      "비트코인",
      "비트 코인"
    ]
  },
  {
    "value": "OMG",
    "synonyms": [
      "OMG",
      "오미세고",
      "오미세"
    ]
  },
  {
    "value": "WTC",
    "synonyms": [
      "WTC",
      "월튼",
      "왈도",
      "월트"
    ]
  },
  {
    "value": "VEN",
    "synonyms": [
      "VEN",
      "비체인",
      "빗체임",
      "빗체인"
    ]
  },
  {
    "value": "KNC",
    "synonyms": [
      "KNC",
      "카이버",
      "카이퍼"
    ]
  },
  {
    "value": "PPT",
    "synonyms": [
      "PPT",
      "파풀러스",
      "파퓰러스",
      "파풀러",
      "파워포인트"
    ]
  },
  {
    "value": "BCH",
    "synonyms": [
      "BCH",
      "비트코인 캐쉬",
      "비트코인 캐시"
    ]
  },
  {
    "value": "GTO",
    "synonyms": [
      "GTO",
      "기프토",
      "기프도"
    ]
  },
  {
    "value": "STEEM",
    "synonyms": [
      "STEEM",
      "스팀코인",
      "스팀"
    ]
  },
  {
    "value": "ETC",
    "synonyms": [
      "ETC",
      "이더리움 클래식",
      "이더리움 클래시",
      "이다리움 클래식",
      "이더리움 클라식"
    ]
  },
  {
    "value": "XMR",
    "synonyms": [
      "XMR",
      "모네로",
      "모넬롱",
      "모네롱",
      "뭐 내려"
    ]
  },
  {
    "value": "ZIL",
    "synonyms": [
      "ZIL",
      "질리카",
      "질리고"
    ]
  },
  {
    "value": "ETHOS",
    "synonyms": [
      "ETHOS",
      "에토스"
    ]
  },
  {
    "value": "POWR",
    "synonyms": [
      "POWR",
      "파워렛져"
    ]
  },
  {
    "value": "ADA",
    "synonyms": [
      "ADA",
      "에이다",
      "아다",
      "에이다 러브레이스"
    ]
  },
  {
    "value": "MITH",
    "synonyms": [
      "MITH",
      "미스릴",
      "미드릴"
    ]
  },
  {
    "value": "LRC",
    "synonyms": [
      "LRC",
      "루프링"
    ]
  },
  {
    "value": "XEM",
    "synonyms": [
      "XEM",
      "넴",
      "네무",
      "네므"
    ]
  },
  {
    "value": "CMT",
    "synonyms": [
      "CMT",
      "사이버마일스",
      "사이퍼 마일스"
    ]
  },
  {
    "value": "ZRX",
    "synonyms": [
      "ZRX",
      "제로엑스"
    ]
  },
  {
    "value": "RNT",
    "synonyms": [
      "RNT",
      "원루트",
      "원트루네트워크"
    ]
  }
]