[
  {
    "value": "OMG",
    "synonyms": [
      "OMG",
      "오미세고",
      "오마이갓",
      "오엠지"
    ]
  },
  {
    "value": "STORJ",
    "synonyms": [
      "STORJ",
      "스토리지",
      "저장"
    ]
  },
  {
    "value": "QTUM",
    "synonyms": [
      "QTUM",
      "퀀텀",
      "퀸텀",
      "칸텀",
      "퀀텀 코인",
      "컨텀",
      "건담"
    ]
  },
  {
    "value": "GTO",
    "synonyms": [
      "GTO",
      "기프토",
      "기프티"
    ]
  },
  {
    "value": "BAT",
    "synonyms": [
      "BAT",
      "베이직어텐션토큰"
    ]
  },
  {
    "value": "DASH",
    "synonyms": [
      "DASH",
      "대쉬",
      "댓쉬",
      "대쉬 코인",
      "4시",
      "대 씨",
      "DC",
      "몇 시"
    ]
  },
  {
    "value": "ETH",
    "synonyms": [
      "ETH",
      "이더리움",
      "이다리움",
      "이더리움 캐쉬",
      "이더리움 코인"
    ]
  },
  {
    "value": "EMC2",
    "synonyms": [
      "EMC2",
      "아인슈타인",
      "아인슈타인늄",
      "아인스타인늄",
      "아인스타인",
      "이엠시",
      "이엠시2",
      "이엠씨",
      "이엠씨투",
      "이엠씨2",
      "아인스타이늄",
      "아인슈타이늄"
    ]
  },
  {
    "value": "ARDR",
    "synonyms": [
      "ARDR",
      "아더",
      "하도"
    ]
  },
  {
    "value": "SNT",
    "synonyms": [
      "SNT",
      "스테이터스 네트워크 토큰",
      "스네토"
    ]
  },
  {
    "value": "TIX",
    "synonyms": [
      "TIX",
      "블록틱스",
      "블록",
      "블로틱스",
      "블루투스",
      "블록티스"
    ]
  },
  {
    "value": "REP",
    "synonyms": [
      "REP",
      "알이피",
      "어거",
      "악어"
    ]
  },
  {
    "value": "ONT",
    "synonyms": [
      "ONT",
      "온톨로지"
    ]
  },
  {
    "value": "GNT",
    "synonyms": [
      "GNT",
      "골렘"
    ]
  },
  {
    "value": "DMT",
    "synonyms": [
      "DMT",
      "디마켓"
    ]
  },
  {
    "value": "CVC",
    "synonyms": [
      "CVC",
      "시빅"
    ]
  },
  {
    "value": "ZEC",
    "synonyms": [
      "ZEC",
      "제트캐쉬",
      "제트",
      "젯토",
      "지캐시",
      "지캐쉬"
    ]
  },
  {
    "value": "EOS",
    "synonyms": [
      "EOS",
      "이오스",
      "히오스",
      "히어로즈 오브 스톰",
      "이오스코인",
      "이오스 코인",
      "버스",
      "여수",
      "뉴스",
      "eo3"
    ]
  },
  {
    "value": "ARK",
    "synonyms": [
      "ARK",
      "아크"
    ]
  },
  {
    "value": "ZEC",
    "synonyms": [
      "ZEC",
      "제크",
      "지캐시",
      "제트캐시"
    ]
  },
  {
    "value": "KMD",
    "synonyms": [
      "코모도",
      "KMD",
      "코머도",
      "케이엠디"
    ]
  },
  {
    "value": "XLM",
    "synonyms": [
      "스텔라루멘",
      "스텔라 루멘",
      "스루멘",
      "XLM"
    ]
  },
  {
    "value": "PIVX",
    "synonyms": [
      "PIVX",
      "피벡스",
      "비벡스",
      "피패스",
      "비맥스"
    ]
  },
  {
    "value": "XMR",
    "synonyms": [
      "XMR",
      "모네로",
      "모넬롱",
      "모네롱",
      "뭐 내려"
    ]
  },
  {
    "value": "POLY",
    "synonyms": [
      "POLY",
      "폴리매쓰",
      "폴리엑스"
    ]
  },
  {
    "value": "IOTA",
    "synonyms": [
      "IOTA",
      "아이오타"
    ]
  },
  {
    "value": "SBD",
    "synonyms": [
      "SBD",
      "스팀달러",
      "에스비디"
    ]
  },
  {
    "value": "ETC",
    "synonyms": [
      "ETC",
      "이더리움 클래식",
      "이더리움 클래시",
      "이다리움 클래식",
      "이더리움 클라식"
    ]
  },
  {
    "value": "ADT",
    "synonyms": [
      "ADT",
      "애드토큰"
    ]
  },
  {
    "value": "LOOM",
    "synonyms": [
      "LOOM",
      "룸네트워크"
    ]
  },
  {
    "value": "ADX",
    "synonyms": [
      "ADX",
      "애드엑스"
    ]
  },
  {
    "value": "BTG",
    "synonyms": [
      "BTG",
      "비트코인 골드",
      "비트골드"
    ]
  },
  {
    "value": "STORM",
    "synonyms": [
      "STORM",
      "스톰",
      "스톤"
    ]
  },
  {
    "value": "WAVES",
    "synonyms": [
      "WAVES",
      "웨이브",
      "위브"
    ]
  },
  {
    "value": "ZIL",
    "synonyms": [
      "ZIL",
      "질리카"
    ]
  },
  {
    "value": "MCO",
    "synonyms": [
      "MCO",
      "모나코"
    ]
  },
  {
    "value": "IOST",
    "synonyms": [
      "IOST",
      "아이오에스티"
    ]
  },
  {
    "value": "SRN",
    "synonyms": [
      "SRN",
      "시린토큰",
      "시린토크"
    ]
  },
  {
    "value": "NEO",
    "synonyms": [
      "NEO",
      "네오",
      "니오",
      "네로",
      "엔이오",
      "내요"
    ]
  },
  {
    "value": "GRS",
    "synonyms": [
      "GRS",
      "그로스톨코인",
      "그로스톨"
    ]
  },
  {
    "value": "LSK",
    "synonyms": [
      "LSK",
      "리스크",
      "리스쿠",
      "러스크",
      "러스쿠",
      "엘에스케이"
    ]
  },
  {
    "value": "TRX",
    "synonyms": [
      "TRX",
      "트론",
      "트롬"
    ]
  },
  {
    "value": "RFR",
    "synonyms": [
      "RFR",
      "리퍼리움"
    ]
  },
  {
    "value": "OST",
    "synonyms": [
      "OST",
      "오에스티",
      "오예스티"
    ]
  },
  {
    "value": "MTL",
    "synonyms": [
      "MTL",
      "메탈",
      "금속",
      "배달",
      "배탈"
    ]
  },
  {
    "value": "BCC",
    "synonyms": [
      "BCC",
      "비트코인 캐시",
      "비트코인캐시"
    ]
  },
  {
    "value": "STEEM",
    "synonyms": [
      "STEEM",
      "스팀"
    ]
  },
  {
    "value": "POWR",
    "synonyms": [
      "POWR",
      "파워렛져",
      "파워레저",
      "파워",
      "파워래져",
      "파워래저",
      "파워렛저",
      "파워랫저",
      "파워레인저",
      "파워레인져"
    ]
  },
  {
    "value": "STRAT",
    "synonyms": [
      "스트라티스",
      "STRAT",
      "에스티알에이티"
    ]
  },
  {
    "value": "ADA",
    "synonyms": [
      "ADA",
      "아다",
      "에이다",
      "에이다 러브레이스",
      "에다"
    ]
  },
  {
    "value": "IQ",
    "synonyms": [
      "IQ",
      "에브리피디아"
    ]
  },
  {
    "value": "DCR",
    "synonyms": [
      "DCR",
      "디크레드"
    ]
  },
  {
    "value": "LTC",
    "synonyms": [
      "LTC",
      "라이트코인",
      "라이트 코인",
      "라이토 코인"
    ]
  },
  {
    "value": "MFT",
    "synonyms": [
      "MFT",
      "메인프레임"
    ]
  },
  {
    "value": "ZRX",
    "synonyms": [
      "ZRX",
      "제로엑스"
    ]
  },
  {
    "value": "XRP",
    "synonyms": [
      "XRP",
      "리플",
      "리플스",
      "리플 코인",
      "리플즈",
      "리또속",
      "리푸루",
      "엑스알피"
    ]
  },
  {
    "value": "VTC",
    "synonyms": [
      "VTC",
      "버트코인",
      "보트코인",
      "버트"
    ]
  },
  {
    "value": "BTC",
    "synonyms": [
      "BTC",
      "비트코인",
      "비트 코인"
    ]
  },
  {
    "value": "XEM",
    "synonyms": [
      "뉴이코노미무브먼트",
      "XEM",
      "엑스에이엠",
      "넴"
    ]
  },
  {
    "value": "ICX",
    "synonyms": [
      "ICX",
      "아이콘",
      "아이컴"
    ]
  },
  {
    "value": "MER",
    "synonyms": [
      "MER",
      "머큐리",
      "마큐리",
      "수은"
    ]
  },
  {
    "value": "IGNIS",
    "synonyms": [
      "IGNIS",
      "이그니스",
      "이그니션"
    ]
  },
  {
    "value": "SC",
    "synonyms": [
      "SC",
      "시아코인",
      "에스시",
      "에스씨"
    ]
  }
]