[
  {
    "id": "8ac25f1a-4d4a-4245-b89b-b89aa7130379",
    "data": [
      {
        "text": "예 예",
        "userDefined": false
      }
    ],
    "isTemplate": false,
    "count": 0,
    "updated": 1518590546
  },
  {
    "id": "c0dc5f1e-be4c-4e19-8d74-24ea2e02db0d",
    "data": [
      {
        "text": "예",
        "userDefined": false
      }
    ],
    "isTemplate": false,
    "count": 0,
    "updated": 1518147326
  },
  {
    "id": "b4125e31-4c59-4f25-b66e-467a2d60429e",
    "data": [
      {
        "text": "동의",
        "userDefined": false
      }
    ],
    "isTemplate": false,
    "count": 0,
    "updated": 1518147326
  },
  {
    "id": "b086c426-fde7-42ba-9c70-c816f7d69ddf",
    "data": [
      {
        "text": "물론",
        "userDefined": false
      }
    ],
    "isTemplate": false,
    "count": 2,
    "updated": 1518147326
  },
  {
    "id": "6603445f-7fd6-4177-9459-d04eb0800183",
    "data": [
      {
        "text": "해",
        "userDefined": false
      }
    ],
    "isTemplate": false,
    "count": 1,
    "updated": 1518147326
  },
  {
    "id": "71c0413f-96fe-4963-92b9-e025e95553af",
    "data": [
      {
        "text": "좋아",
        "userDefined": false
      }
    ],
    "isTemplate": false,
    "count": 1,
    "updated": 1518147326
  },
  {
    "id": "be5b5f2a-5a97-4c5e-b8e9-568af869a17e",
    "data": [
      {
        "text": "맞아",
        "userDefined": false
      }
    ],
    "isTemplate": false,
    "count": 2,
    "updated": 1518590546
  },
  {
    "id": "26a38b16-946d-408d-bf50-8d73aea9af68",
    "data": [
      {
        "text": "그래",
        "userDefined": false
      }
    ],
    "isTemplate": false,
    "count": 0,
    "updated": 1518147326
  },
  {
    "id": "bd4d54ef-bd06-4b06-913f-1aba03c0c798",
    "data": [
      {
        "text": "상관없어",
        "userDefined": false
      }
    ],
    "isTemplate": false,
    "count": 0,
    "updated": 1518147326
  },
  {
    "id": "9e85b136-2b24-4578-a7bf-7798597eeca3",
    "data": [
      {
        "text": "그럼",
        "userDefined": false
      }
    ],
    "isTemplate": false,
    "count": 1,
    "updated": 1518147326
  },
  {
    "id": "2a4f0512-7dee-48f8-a117-3ce545397da8",
    "data": [
      {
        "text": "바로 그거야",
        "userDefined": false
      }
    ],
    "isTemplate": false,
    "count": 2,
    "updated": 1518147326
  },
  {
    "id": "2d6a9343-6fe8-4322-b9b5-67f0a31e0bd3",
    "data": [
      {
        "text": "확인",
        "userDefined": false
      }
    ],
    "isTemplate": false,
    "count": 1,
    "updated": 1518147326
  }
]