[
  {
    "id": "6ce3f4fd-85c6-40e4-948e-3c88a74460de",
    "data": [
      {
        "text": "취소",
        "userDefined": false
      }
    ],
    "isTemplate": false,
    "count": 0,
    "updated": 1518576756
  },
  {
    "id": "b816aff5-90a4-4465-8377-50d7f7d3f3fc",
    "data": [
      {
        "text": "아닙니다",
        "userDefined": false
      }
    ],
    "isTemplate": false,
    "count": 0,
    "updated": 1518576756
  },
  {
    "id": "0e44e06c-5eb4-4380-bc83-a0502f4ff318",
    "data": [
      {
        "text": "아니요",
        "userDefined": false
      }
    ],
    "isTemplate": false,
    "count": 0,
    "updated": 1518576756
  },
  {
    "id": "fb26fc74-9a26-4925-8a59-1ef4dfbd2d09",
    "data": [
      {
        "text": "아니",
        "userDefined": false
      },
      {
        "text": "오",
        "meta": "@sys.ignore",
        "userDefined": false
      }
    ],
    "isTemplate": false,
    "count": 0,
    "updated": 1518576756
  },
  {
    "id": "4819d9b4-63f6-490a-835b-a35b51f42f3f",
    "data": [
      {
        "text": "싫어",
        "userDefined": false
      }
    ],
    "isTemplate": false,
    "count": 2,
    "updated": 1518576756
  },
  {
    "id": "6e83f71c-c6b4-4453-bb4c-7b8ca02cc2c3",
    "data": [
      {
        "text": "관심 없어",
        "userDefined": false
      }
    ],
    "isTemplate": false,
    "count": 3,
    "updated": 1518576756
  },
  {
    "id": "c538dd3f-db04-48ef-852d-0a46fed72fb2",
    "data": [
      {
        "text": "아닌 것 같아",
        "userDefined": false
      }
    ],
    "isTemplate": false,
    "count": 0,
    "updated": 1518576756
  },
  {
    "id": "60b4c158-95a6-4579-a4aa-5d916f3e0dce",
    "data": [
      {
        "text": "고맙지만 됐어",
        "userDefined": false
      }
    ],
    "isTemplate": false,
    "count": 2,
    "updated": 1518576756
  },
  {
    "id": "acf5c209-85fc-4106-b18a-a7a85ea90bb9",
    "data": [
      {
        "text": "하지 마",
        "userDefined": false
      }
    ],
    "isTemplate": false,
    "count": 0,
    "updated": 1518576756
  },
  {
    "id": "191c036b-4e51-459f-ad92-9a42dec9e934",
    "data": [
      {
        "text": "아니",
        "userDefined": false
      }
    ],
    "isTemplate": false,
    "count": 3,
    "updated": 1518576756
  }
]