[
  {
    "id": "fb5013c7-a850-4589-a19b-1caf179ed38d",
    "data": [
      {
        "text": "그",
        "userDefined": false
      },
      {
        "text": "만두",
        "meta": "@sys.ignore",
        "userDefined": false
      },
      {
        "text": "겠습니다",
        "userDefined": false
      }
    ],
    "isTemplate": false,
    "count": 0,
    "updated": 1518591099
  },
  {
    "id": "4bc76802-c0a8-4833-a6e7-6fe2de42973f",
    "data": [
      {
        "text": "빅장",
        "userDefined": false
      }
    ],
    "isTemplate": false,
    "count": 0,
    "updated": 1518591099
  },
  {
    "id": "af2cdd4e-8871-4ea9-bb6e-8a4200c2ee07",
    "data": [
      {
        "text": "나가기",
        "userDefined": false
      }
    ],
    "isTemplate": false,
    "count": 0,
    "updated": 1518591099
  },
  {
    "id": "d356e8d6-cbad-4fc6-bc47-5617242cf9d0",
    "data": [
      {
        "text": "그",
        "userDefined": false
      },
      {
        "text": "만",
        "meta": "@sys.ignore",
        "userDefined": false
      },
      {
        "text": "해",
        "userDefined": false
      }
    ],
    "isTemplate": false,
    "count": 0,
    "updated": 1518591099
  },
  {
    "id": "f2e402ed-c101-473e-8d9f-6f487a46c691",
    "data": [
      {
        "text": "그",
        "userDefined": false
      },
      {
        "text": "만두",
        "meta": "@sys.ignore",
        "userDefined": false
      },
      {
        "text": "기",
        "userDefined": false
      }
    ],
    "isTemplate": false,
    "count": 0,
    "updated": 1518591099
  },
  {
    "id": "c57b05dd-61f0-42c2-8ad1-64b365dd9273",
    "data": [
      {
        "text": "끝",
        "userDefined": false
      }
    ],
    "isTemplate": false,
    "count": 0,
    "updated": 1518591099
  },
  {
    "id": "19b9c281-4c49-48a9-b926-77442f86f59c",
    "data": [
      {
        "text": "오",
        "meta": "@sys.ignore",
        "userDefined": false
      },
      {
        "text": "와리",
        "userDefined": false
      }
    ],
    "isTemplate": false,
    "count": 0,
    "updated": 1518591099
  },
  {
    "id": "863a8a9f-e2b4-4eb4-9357-f502c9b3ad78",
    "data": [
      {
        "text": "끝내기",
        "userDefined": false
      }
    ],
    "isTemplate": false,
    "count": 0,
    "updated": 1518591099
  },
  {
    "id": "a7ed7614-bd3a-4f05-aa75-e182354b552e",
    "data": [
      {
        "text": "종료",
        "userDefined": false
      }
    ],
    "isTemplate": false,
    "count": 0,
    "updated": 1518591099
  }
]