[
  {
    "id": "2c82233e-9acd-48d2-88e0-97aa395677f0",
    "data": [
      {
        "text": "매뉴",
        "userDefined": false
      }
    ],
    "isTemplate": false,
    "count": 1,
    "updated": 1518591991
  },
  {
    "id": "47d1649d-c0ba-43a9-a67e-9b82dfb2df86",
    "data": [
      {
        "text": "메뉴",
        "userDefined": false
      }
    ],
    "isTemplate": false,
    "count": 0,
    "updated": 1518591991
  },
  {
    "id": "537f900e-66c6-4028-81bd-d887a74381ce",
    "data": [
      {
        "text": "사",
        "meta": "@sys.ignore",
        "userDefined": false
      },
      {
        "text": "용방법",
        "userDefined": false
      }
    ],
    "isTemplate": false,
    "count": 0,
    "updated": 1518591991
  },
  {
    "id": "01dd1ebd-1a1e-445d-b6bc-530026517f41",
    "data": [
      {
        "text": "메뉴얼",
        "userDefined": false
      }
    ],
    "isTemplate": false,
    "count": 0,
    "updated": 1518591991
  }
]