[
  {
    "id": "1b5f2ab6-fd9e-459c-95e8-0669fae82f69",
    "data": [
      {
        "text": "다",
        "userDefined": false
      },
      {
        "text": "시",
        "meta": "@sys.ignore",
        "userDefined": false
      },
      {
        "text": "듣기",
        "userDefined": false
      }
    ],
    "isTemplate": false,
    "count": 0,
    "updated": 1518521096
  },
  {
    "id": "6382109b-72f4-4d62-a0f9-2a8c04771124",
    "data": [
      {
        "text": "다",
        "userDefined": false
      },
      {
        "text": "시",
        "meta": "@sys.ignore",
        "userDefined": false
      },
      {
        "text": " 한번",
        "userDefined": false
      }
    ],
    "isTemplate": false,
    "count": 0,
    "updated": 1518521096
  },
  {
    "id": "cc385d74-8d0a-4dd2-bfde-4ee3db0b696d",
    "data": [
      {
        "text": "다",
        "userDefined": false
      },
      {
        "text": "시",
        "meta": "@sys.ignore",
        "userDefined": false
      },
      {
        "text": "한번듣기",
        "userDefined": false
      }
    ],
    "isTemplate": false,
    "count": 0,
    "updated": 1518521096
  },
  {
    "id": "4a709012-bd53-4416-8958-bc74e3bf48df",
    "data": [
      {
        "text": "다",
        "userDefined": false
      },
      {
        "text": "시",
        "meta": "@sys.ignore",
        "userDefined": false
      }
    ],
    "isTemplate": false,
    "count": 0,
    "updated": 1518521096
  }
]