[
  {
    "id": "c4afb82f-be26-40c9-a680-3777cfc3df39",
    "data": [
      {
        "text": "리",
        "userDefined": false
      },
      {
        "text": "셋",
        "meta": "@sys.ignore",
        "userDefined": false
      }
    ],
    "isTemplate": false,
    "count": 0,
    "updated": 1518578732
  },
  {
    "id": "4f64f6bb-eb7e-46b3-ae75-7d2531d5a47e",
    "data": [
      {
        "text": "초기화",
        "userDefined": false
      }
    ],
    "isTemplate": false,
    "count": 0,
    "updated": 1518522105
  }
]