[
  {
    "id": "e3ea7e83-2492-49e6-bd61-b0bab9a952e1",
    "data": [
      {
        "text": "아재 개그 해줘",
        "userDefined": false
      }
    ],
    "isTemplate": false,
    "count": 0
  },
  {
    "id": "59ffc5d8-c068-40b5-a073-c669319d6382",
    "data": [
      {
        "text": "아재개그",
        "userDefined": false
      }
    ],
    "isTemplate": false,
    "count": 0
  },
  {
    "id": "53ab41c2-6b46-40f6-a00b-ec905e5d7d25",
    "data": [
      {
        "text": "등산 유머 해줄래",
        "userDefined": false
      }
    ],
    "isTemplate": false,
    "count": 0
  },
  {
    "id": "38fa76b2-3807-4e7e-8aca-8035eebeca78",
    "data": [
      {
        "text": "부장님 개그 해줘",
        "userDefined": false
      }
    ],
    "isTemplate": false,
    "count": 0
  },
  {
    "id": "46c05288-9cf7-442f-9502-42a2e6ba752a",
    "data": [
      {
        "text": "등산 유머",
        "userDefined": false
      }
    ],
    "isTemplate": false,
    "count": 0
  },
  {
    "id": "95429003-38d9-4156-b64f-be8ec0259f6b",
    "data": [
      {
        "text": "부장님 개그",
        "userDefined": false
      }
    ],
    "isTemplate": false,
    "count": 0
  }
]