[
  {
    "value": "오뚜기 참깨라면 컵",
    "synonyms": [
      "참깨라면 컵",
      "오뚜기 참깨라면 컵"
    ]
  },
  {
    "value": "농심 짜파게티",
    "synonyms": [
      "농심 짜파게티",
      "농심 자파게티",
      "일요일은 내가 요리사",
      "짜파게티"
    ]
  },
  {
    "value": "3분",
    "synonyms": [
      "3분",
      "삼분"
    ]
  },
  {
    "value": "히든타이머",
    "synonyms": [
      "히든타이머",
      "2분 30초",
      "비둘기야 먹자"
    ]
  },
  {
    "value": "오뚜기 진라면",
    "synonyms": [
      "오뚜기 진라면",
      "진라면",
      "진라면 순한맛",
      "진라면 매운맛",
      "진라면 봉지면"
    ]
  },
  {
    "value": "농심 오징어짬뽕",
    "synonyms": [
      "농심 오징어짬뽕",
      "오징어짬뽕"
    ]
  },
  {
    "value": "4분 30초",
    "synonyms": [
      "4분 30초",
      "사분 삼십초"
    ]
  },
  {
    "value": "오뚜기 진짬뽕",
    "synonyms": [
      "진짬뽕",
      "오뚜기 진짬뽕",
      "진"
    ]
  },
  {
    "value": "농심 신라면",
    "synonyms": [
      "신라면",
      "농심 신라면",
      "신라면 봉지면"
    ]
  },
  {
    "value": "3분 30초",
    "synonyms": [
      "3분 30초",
      "삼분 삼십초"
    ]
  },
  {
    "value": "오뚜기 참깨라면 봉지면",
    "synonyms": [
      "오뚜기 참깨라면",
      "참깨라면",
      "참깨라면 봉지면"
    ]
  },
  {
    "value": "팔도 왕뚜껑",
    "synonyms": [
      "팔도 왕뚜껑",
      "왕뚜껑",
      "왕뚜껑 컵라면"
    ]
  },
  {
    "value": "닛신 돈베이 키츠네우동",
    "synonyms": [
      "닛신 돈베이 키츠네우동",
      "키츠네 우동",
      "키츠네"
    ]
  },
  {
    "value": "오뚜기 컵누들",
    "synonyms": [
      "오뚜기 컵누들"
    ]
  },
  {
    "value": "4분",
    "synonyms": [
      "4분",
      "사분"
    ]
  },
  {
    "value": "팔도 불짬뽕",
    "synonyms": [
      "팔도 불짬뽕",
      "불짬뽕",
      "불짬뽕 봉지면"
    ]
  },
  {
    "value": "5분",
    "synonyms": [
      "5분",
      "오분"
    ]
  },
  {
    "value": "농심 신라면 작은컵",
    "synonyms": [
      "농심 신라면 작은컵",
      "신라면 작은컵",
      "신라면 컵"
    ]
  },
  {
    "value": "농심 육개장",
    "synonyms": [
      "육개장",
      "육개장 컵라면"
    ]
  },
  {
    "value": "오뚜기 육개장 컵",
    "synonyms": [
      "오뚜기 육개장",
      "오뚜기 육개장 컵"
    ]
  },
  {
    "value": "농심 안성탕면",
    "synonyms": [
      "농심 안성탕면",
      "안성탕면"
    ]
  },
  {
    "value": "닛신 컵누들",
    "synonyms": [
      "닛신 컵누들"
    ]
  },
  {
    "value": "농심 너구리",
    "synonyms": [
      "농심 너구리",
      "너구리라면",
      "너구리",
      "RTA라면",
      "RTA"
    ]
  },
  {
    "value": "농심 육개장 큰사발",
    "synonyms": [
      "농심 육개장 큰사발",
      "육개장 큰사발",
      "육개장 사발면"
    ]
  },
  {
    "value": "팔도 비빔면",
    "synonyms": [
      "팔도 비빔면",
      "비빔면"
    ]
  },
  {
    "value": "삼양 맛있는라면",
    "synonyms": [
      "삼양 맛있는라면",
      "맛있는라면"
    ]
  },
  {
    "value": "삼양라면",
    "synonyms": [
      "삼양라면"
    ]
  },
  {
    "value": "농심 신라면 큰사발",
    "synonyms": [
      "농심 신라면 큰사발",
      "신라면 큰사발"
    ]
  },
  {
    "value": "오뚜기 3분카레",
    "synonyms": [
      "오뚜기 3분카레",
      "3분카레"
    ]
  }
]