[
  {
    "id": "45133e12-3092-451a-8785-97ef4a689a10",
    "data": [
      {
        "text": "마피아",
        "meta": "@sys.ignore",
        "userDefined": false
      },
      {
        "text": " 게임을 시작해줘",
        "userDefined": false
      }
    ],
    "isTemplate": false,
    "count": 0
  },
  {
    "id": "5a5f3f7c-69ec-49ad-86ce-512e5f614714",
    "data": [
      {
        "text": "마피아",
        "alias": "selectJob",
        "meta": "@selectJob",
        "userDefined": false
      },
      {
        "text": " 게임을 시작해",
        "userDefined": false
      }
    ],
    "isTemplate": false,
    "count": 0
  },
  {
    "id": "deb226f8-8f26-41b2-a82f-6b98084dceae",
    "data": [
      {
        "text": "마피아",
        "alias": "selectJob",
        "meta": "@selectJob",
        "userDefined": false
      },
      {
        "text": " 게임 하고싶어",
        "userDefined": false
      }
    ],
    "isTemplate": false,
    "count": 0
  },
  {
    "id": "bb11909d-964d-47aa-b06c-be6ce0b69803",
    "data": [
      {
        "text": "마피아",
        "meta": "@sys.ignore",
        "userDefined": false
      },
      {
        "text": " 게임 시작",
        "userDefined": false
      }
    ],
    "isTemplate": false,
    "count": 0
  },
  {
    "id": "75ba031f-7d1a-4ce4-8452-1bfabb02a7c5",
    "data": [
      {
        "text": "마피아",
        "meta": "@sys.ignore",
        "userDefined": false
      },
      {
        "text": " 게임",
        "userDefined": false
      }
    ],
    "isTemplate": false,
    "count": 0
  }
]