[
  {
    "id": "73fa6f62-4f67-4eb8-b38d-1a6b50de3175",
    "data": [
      {
        "text": "나갈래",
        "userDefined": false
      }
    ],
    "isTemplate": false,
    "count": 0
  },
  {
    "id": "e40fe637-6102-4987-b17c-45bfc5b25149",
    "data": [
      {
        "text": "끝내기",
        "userDefined": false
      }
    ],
    "isTemplate": false,
    "count": 0
  },
  {
    "id": "98065896-cbe8-49cd-8d74-b9394a6a3f7a",
    "data": [
      {
        "text": "exit",
        "userDefined": false
      }
    ],
    "isTemplate": false,
    "count": 0
  },
  {
    "id": "c83addc8-3ca9-46ff-a5a7-4ce6e7a0e590",
    "data": [
      {
        "text": "그만하기",
        "userDefined": false
      }
    ],
    "isTemplate": false,
    "count": 0
  },
  {
    "id": "ff29edbc-08a5-4cdf-9cc9-3dd568bde35c",
    "data": [
      {
        "text": "앱을 종료해줘",
        "userDefined": false
      }
    ],
    "isTemplate": false,
    "count": 0
  },
  {
    "id": "31fc005f-1dc1-49a8-81c3-2cfa03f272cc",
    "data": [
      {
        "text": "그만두기",
        "userDefined": false
      }
    ],
    "isTemplate": false,
    "count": 0
  },
  {
    "id": "d744623c-3b39-4fbb-b06e-776f54760557",
    "data": [
      {
        "text": "종료",
        "userDefined": false
      }
    ],
    "isTemplate": false,
    "count": 0
  },
  {
    "id": "6c129206-34d4-4629-9963-973448944b20",
    "data": [
      {
        "text": "챗봇을 나갈래",
        "userDefined": false
      }
    ],
    "isTemplate": false,
    "count": 0
  },
  {
    "id": "fc66c1f2-4687-4849-8b8c-4d4b13f1723e",
    "data": [
      {
        "text": "End",
        "userDefined": false
      }
    ],
    "isTemplate": false,
    "count": 0
  }
]