[
  {
    "id": "4a54030a-1a83-40f8-88b6-c203a2880e0f",
    "data": [
      {
        "text": "시부린",
        "alias": "peopleName",
        "meta": "@peopleName",
        "userDefined": false
      }
    ],
    "isTemplate": false,
    "count": 0
  },
  {
    "id": "023073af-87a6-417d-96f6-be82a8ca20b1",
    "data": [
      {
        "text": "다음으로",
        "userDefined": false
      }
    ],
    "isTemplate": false,
    "count": 0
  },
  {
    "id": "fa0f2a37-7ff2-4bd6-adbc-504faf113506",
    "data": [
      {
        "text": "다음",
        "userDefined": false
      }
    ],
    "isTemplate": false,
    "count": 0
  },
  {
    "id": "7a59fd88-9ecd-4d49-a712-8b31f8909f7c",
    "data": [
      {
        "text": "상하이 조",
        "alias": "peopleName",
        "meta": "@peopleName",
        "userDefined": false
      }
    ],
    "isTemplate": false,
    "count": 0
  }
]