[
  {
    "id": "4a08379e-7dfd-4bdf-8339-6103897b41e6",
    "data": [
      {
        "text": "비둘기",
        "alias": "peopleName",
        "meta": "@peopleName",
        "userDefined": false
      }
    ],
    "isTemplate": false,
    "count": 0
  },
  {
    "id": "bebf1f1b-26f9-460c-9254-122eabd82d8b",
    "data": [
      {
        "text": "반다크홈",
        "alias": "peopleName",
        "meta": "@peopleName",
        "userDefined": false
      }
    ],
    "isTemplate": false,
    "count": 0
  },
  {
    "id": "01099231-9f7e-47a1-9e36-bc3bfbf3de16",
    "data": [
      {
        "text": "김설화",
        "alias": "peopleName",
        "meta": "@peopleName",
        "userDefined": false
      }
    ],
    "isTemplate": false,
    "count": 0
  },
  {
    "id": "e93df477-0d2b-46b6-95f0-a02c98b8d8fc",
    "data": [
      {
        "text": "상하이 조",
        "alias": "peopleName",
        "meta": "@peopleName",
        "userDefined": false
      }
    ],
    "isTemplate": false,
    "count": 0
  }
]