[
  {
    "id": "bb13dd56-ef51-45f5-a5a6-5b95788add36",
    "data": [
      {
        "text": "매뉴",
        "userDefined": false
      }
    ],
    "isTemplate": false,
    "count": 0
  },
  {
    "id": "93178773-4742-4e33-8d68-ee89266687e6",
    "data": [
      {
        "text": "도움말",
        "userDefined": false
      }
    ],
    "isTemplate": false,
    "count": 0
  },
  {
    "id": "46c50054-a144-407e-b664-e534f8a14439",
    "data": [
      {
        "text": "도움!",
        "userDefined": false
      }
    ],
    "isTemplate": false,
    "count": 0
  },
  {
    "id": "7c665a1a-1907-41ca-a835-9bc7628bbd11",
    "data": [
      {
        "text": "메뉴",
        "userDefined": false
      }
    ],
    "isTemplate": false,
    "count": 0
  },
  {
    "id": "f71c6b16-6cb8-41e5-a42c-b9d1c4e1e0bc",
    "data": [
      {
        "text": "헬프",
        "userDefined": false
      }
    ],
    "isTemplate": false,
    "count": 0
  },
  {
    "id": "a954dc24-6450-4fba-bcec-891fab458f2e",
    "data": [
      {
        "text": "메뉴얼",
        "userDefined": false
      }
    ],
    "isTemplate": false,
    "count": 0
  },
  {
    "id": "72fc79f7-b38f-44ae-b823-1e88840861b4",
    "data": [
      {
        "text": "매뉴얼",
        "userDefined": false
      }
    ],
    "isTemplate": false,
    "count": 0
  }
]