[
  {
    "id": "e1b794d2-6cb6-4af3-8f7e-e5ad66b802de",
    "data": [
      {
        "text": "좋아",
        "userDefined": false
      }
    ],
    "isTemplate": false,
    "count": 0
  },
  {
    "id": "746340f2-08f7-44cc-969e-ea544e0bd660",
    "data": [
      {
        "text": "예",
        "userDefined": false
      }
    ],
    "isTemplate": false,
    "count": 0
  },
  {
    "id": "f5ea5cd0-e184-4b40-8c1f-c5bb1b7d9b4e",
    "data": [
      {
        "text": "시작",
        "userDefined": false
      }
    ],
    "isTemplate": false,
    "count": 0
  },
  {
    "id": "d5394828-da2e-421c-8f53-cf8a11f9d615",
    "data": [
      {
        "text": "그걸로 하겠다",
        "userDefined": false
      }
    ],
    "isTemplate": false,
    "count": 0
  }
]