[
  {
    "id": "0db0d49d-39d6-4084-9e1b-6b6e66cde857",
    "data": [
      {
        "text": "마피아",
        "alias": "selectJob",
        "meta": "@selectJob",
        "userDefined": false
      },
      {
        "text": "로 하고싶어",
        "userDefined": false
      }
    ],
    "isTemplate": false,
    "count": 0
  },
  {
    "id": "fc7bcb38-8742-415a-b619-96b75f36823d",
    "data": [
      {
        "text": "시민",
        "alias": "selectJob",
        "meta": "@selectJob",
        "userDefined": false
      },
      {
        "text": "으로 할래",
        "userDefined": false
      }
    ],
    "isTemplate": false,
    "count": 0
  }
]