[
  {
    "id": "d33de2e7-276f-4d5f-8d3a-9c10fd5526cd",
    "data": [
      {
        "text": "아니오",
        "userDefined": false
      }
    ],
    "isTemplate": false,
    "count": 0
  },
  {
    "id": "06d2582a-8e85-4f1a-9543-810df14fae0c",
    "data": [
      {
        "text": "취소할래",
        "userDefined": false
      }
    ],
    "isTemplate": false,
    "count": 0
  },
  {
    "id": "954a5040-6b07-44d6-a091-6c516f824416",
    "data": [
      {
        "text": "다른걸로",
        "userDefined": false
      }
    ],
    "isTemplate": false,
    "count": 0
  },
  {
    "id": "c9551ffe-5a05-4055-8628-0af8ff3845a1",
    "data": [
      {
        "text": "아니요",
        "userDefined": false
      }
    ],
    "isTemplate": false,
    "count": 0
  },
  {
    "id": "03962cfa-ed51-416f-a3df-e202c5644456",
    "data": [
      {
        "text": "다른 캐릭터",
        "userDefined": false
      }
    ],
    "isTemplate": false,
    "count": 0
  }
]