[
  {
    "id": "1ca4f3b4-2c9d-4020-a785-544aab68b397",
    "data": [
      {
        "text": "메뉴얼",
        "userDefined": false
      }
    ],
    "isTemplate": false,
    "count": 0
  },
  {
    "id": "48838133-678e-4064-93e0-75112b8bd77f",
    "data": [
      {
        "text": "매뉴얼",
        "userDefined": false
      }
    ],
    "isTemplate": false,
    "count": 0
  },
  {
    "id": "3bd07eea-4cac-408c-85b2-6fd2727465bf",
    "data": [
      {
        "text": "도움말",
        "userDefined": false
      }
    ],
    "isTemplate": false,
    "count": 0
  },
  {
    "id": "3ca8a928-31d4-4112-9174-299246d8f90c",
    "data": [
      {
        "text": "설명서",
        "userDefined": false
      }
    ],
    "isTemplate": false,
    "count": 0
  },
  {
    "id": "5d0caba5-ff86-40b7-8892-10455306e464",
    "data": [
      {
        "text": "헬프",
        "userDefined": false
      }
    ],
    "isTemplate": false,
    "count": 0
  }
]