[
  {
    "id": "15d6f2ef-819b-4e46-b46f-41ac16dcb31f",
    "data": [
      {
        "text": "한강물 온도는",
        "userDefined": false
      }
    ],
    "isTemplate": false,
    "count": 0
  },
  {
    "id": "c38137fe-de71-4ef7-bb7f-a79e4d8b6b82",
    "data": [
      {
        "text": "한강물 온도 알고싶어",
        "userDefined": false
      }
    ],
    "isTemplate": false,
    "count": 0
  },
  {
    "id": "effb6711-7cbd-4d50-9a1e-4cfb9c749d72",
    "data": [
      {
        "text": "퐁당 온도를 알려줘",
        "userDefined": false
      }
    ],
    "isTemplate": false,
    "count": 0
  },
  {
    "id": "6a4ff531-c9cb-48d1-a4c5-6544f7873248",
    "data": [
      {
        "text": "오늘",
        "alias": "date-time",
        "meta": "@sys.date-time",
        "userDefined": false
      },
      {
        "text": " 한강 수온 몇도야",
        "userDefined": false
      }
    ],
    "isTemplate": false,
    "count": 0
  },
  {
    "id": "e467dbc7-d30a-457d-88e2-56fca2395ae3",
    "data": [
      {
        "text": "한강물 온도",
        "userDefined": false
      }
    ],
    "isTemplate": false,
    "count": 0
  },
  {
    "id": "68ec5126-12b8-4122-b23f-c2867fdd46fd",
    "data": [
      {
        "text": "한강물 수온",
        "userDefined": false
      }
    ],
    "isTemplate": false,
    "count": 0
  },
  {
    "id": "772ecb89-6e7d-4fb1-b207-d5082b323442",
    "data": [
      {
        "text": "한강의 온도",
        "userDefined": false
      }
    ],
    "isTemplate": false,
    "count": 0
  },
  {
    "id": "212d4554-4f55-48c8-83d1-51dee83995b1",
    "data": [
      {
        "text": "한강물 추워",
        "userDefined": false
      }
    ],
    "isTemplate": false,
    "count": 0
  },
  {
    "id": "6290e161-7b43-43f8-9e80-faf50c11ae67",
    "data": [
      {
        "text": "오늘",
        "meta": "@sys.ignore",
        "userDefined": false
      },
      {
        "text": " 한강물 몇도",
        "userDefined": false
      }
    ],
    "isTemplate": false,
    "count": 0
  },
  {
    "id": "1c31f45a-f0b0-4da7-8c0b-2de04995d9dd",
    "data": [
      {
        "text": "한강물 몇도야",
        "userDefined": false
      }
    ],
    "isTemplate": false,
    "count": 0
  },
  {
    "id": "65306788-ed96-4a54-a790-cf356e96920e",
    "data": [
      {
        "text": "한강 온도는 몇도야",
        "userDefined": false
      }
    ],
    "isTemplate": false,
    "count": 0
  }
]