[
  {
    "id": "9605df23-a4a1-49e2-a3be-efc7d7e88f16",
    "data": [
      {
        "text": "나눔로또번호 알려줘",
        "userDefined": false
      }
    ],
    "isTemplate": false,
    "count": 0
  },
  {
    "id": "4a12a234-0d36-47a7-be95-6b815756f7d9",
    "data": [
      {
        "text": "이번주",
        "meta": "@sys.ignore",
        "userDefined": false
      },
      {
        "text": " 로또번호",
        "userDefined": false
      }
    ],
    "isTemplate": false,
    "count": 0
  },
  {
    "id": "b85c3e17-c6da-4ac2-9016-f5c0b5913355",
    "data": [
      {
        "text": "로또번호 생성",
        "userDefined": false
      }
    ],
    "isTemplate": false,
    "count": 0
  },
  {
    "id": "2c597f9d-428c-4390-b62e-40c1343b8855",
    "data": [
      {
        "text": "당첨된 로또번호",
        "userDefined": false
      }
    ],
    "isTemplate": false,
    "count": 0
  },
  {
    "id": "5d49545e-b3c7-4f3f-813c-ff872fd0842e",
    "data": [
      {
        "text": "내 로또번호",
        "userDefined": false
      }
    ],
    "isTemplate": false,
    "count": 0
  },
  {
    "id": "9ec47d49-337e-4841-93b5-0db38ba6fba9",
    "data": [
      {
        "text": "오늘",
        "meta": "@sys.ignore",
        "userDefined": false
      },
      {
        "text": "의 로또번호",
        "userDefined": false
      }
    ],
    "isTemplate": false,
    "count": 0
  },
  {
    "id": "b71d0884-7cf2-44b1-94c2-85610db977a3",
    "data": [
      {
        "text": "당첨된 로또번호는 뭐야",
        "userDefined": false
      }
    ],
    "isTemplate": false,
    "count": 0
  },
  {
    "id": "9f16deef-23bf-42ba-82ee-127d0175ee87",
    "data": [
      {
        "text": "로또번호 당첨확인",
        "userDefined": false
      }
    ],
    "isTemplate": false,
    "count": 0
  },
  {
    "id": "90261487-b8f6-4505-9988-6ea9551b2e53",
    "data": [
      {
        "text": "로또번호 만들어 줘",
        "userDefined": false
      }
    ],
    "isTemplate": false,
    "count": 0
  },
  {
    "id": "61e9744a-b956-4a87-83dc-30fd4b607649",
    "data": [
      {
        "text": "로또번호 생성기",
        "userDefined": false
      }
    ],
    "isTemplate": false,
    "count": 0
  }
]