[
  {
    "id": "74a3cfe9-c8d9-4f2d-aaa5-87fd0f60467b",
    "data": [
      {
        "text": "앱 종료",
        "userDefined": false
      }
    ],
    "isTemplate": false,
    "count": 0,
    "updated": 1518659402
  },
  {
    "id": "8222d53e-8a75-4db5-b7c3-c29612856d5b",
    "data": [
      {
        "text": "종료",
        "userDefined": false
      }
    ],
    "isTemplate": false,
    "count": 0,
    "updated": 1518659402
  },
  {
    "id": "a53304d4-489a-4cbf-ad55-29b212457dc9",
    "data": [
      {
        "text": "종료하고 싶어",
        "userDefined": false
      }
    ],
    "isTemplate": false,
    "count": 0,
    "updated": 1518659402
  },
  {
    "id": "ec60530a-e2e0-4154-b89f-5ed2eb9ff84e",
    "data": [
      {
        "text": "바",
        "userDefined": false
      },
      {
        "text": "이",
        "meta": "@sys.ignore",
        "userDefined": false
      },
      {
        "text": "바",
        "userDefined": false
      },
      {
        "text": "이",
        "meta": "@sys.ignore",
        "userDefined": false
      }
    ],
    "isTemplate": false,
    "count": 0,
    "updated": 1518659402
  },
  {
    "id": "45a79d8d-2140-4931-a5aa-9778fe853432",
    "data": [
      {
        "text": "끝내기",
        "userDefined": false
      }
    ],
    "isTemplate": false,
    "count": 0,
    "updated": 1518659402
  },
  {
    "id": "8df2e9b4-99ae-47dd-ac68-aa7cee04c9f7",
    "data": [
      {
        "text": "종료하기",
        "userDefined": false
      }
    ],
    "isTemplate": false,
    "count": 0,
    "updated": 1518659402
  },
  {
    "id": "5ee1dc8f-c8dd-46dd-b227-b5cb4e6e3599",
    "data": [
      {
        "text": "잘가",
        "userDefined": false
      }
    ],
    "isTemplate": false,
    "count": 0,
    "updated": 1518659402
  },
  {
    "id": "ed5bea9a-5de7-481a-b4f4-ddfb6e0d81a1",
    "data": [
      {
        "text": "그",
        "userDefined": false
      },
      {
        "text": "만두",
        "meta": "@sys.ignore",
        "userDefined": false
      },
      {
        "text": "기",
        "userDefined": false
      }
    ],
    "isTemplate": false,
    "count": 0,
    "updated": 1518659402
  },
  {
    "id": "2414d3ae-1f0a-43ee-b933-c5ff01812071",
    "data": [
      {
        "text": "중단",
        "userDefined": false
      }
    ],
    "isTemplate": false,
    "count": 0,
    "updated": 1518659402
  }
]