[
  {
    "id": "3a0b80b8-6efc-4bad-9268-082daabee6ea",
    "data": [
      {
        "text": "지원되는 커맨드를 알려줘",
        "userDefined": false
      }
    ],
    "isTemplate": false,
    "count": 0
  },
  {
    "id": "86de8fe1-c8d1-48f3-b4cc-0a2a7abfcba5",
    "data": [
      {
        "text": "지원되는 커멘드를 알려주",
        "userDefined": false
      }
    ],
    "isTemplate": false,
    "count": 0
  },
  {
    "id": "52d1586d-9e43-47ac-8396-23c371412a2f",
    "data": [
      {
        "text": "지원되는 명령어를 알려줘",
        "userDefined": false
      }
    ],
    "isTemplate": false,
    "count": 0
  },
  {
    "id": "5168fabf-7080-47a0-b4a9-f69a107ae154",
    "data": [
      {
        "text": "지원되는 명령어",
        "userDefined": false
      }
    ],
    "isTemplate": false,
    "count": 0
  }
]