[
  {
    "id": "705690c7-dda8-45e4-b8fb-afe098fdbe90",
    "data": [
      {
        "text": "231",
        "alias": "number",
        "meta": "@sys.number",
        "userDefined": false
      },
      {
        "text": "회 번호는",
        "userDefined": false
      }
    ],
    "isTemplate": false,
    "count": 0,
    "updated": 1518659677
  },
  {
    "id": "5d4744b1-76fa-464b-a216-bb369a8c0b4e",
    "data": [
      {
        "text": "700",
        "alias": "number",
        "meta": "@sys.number",
        "userDefined": false
      },
      {
        "text": "회차 로또번호",
        "userDefined": false
      }
    ],
    "isTemplate": false,
    "count": 0,
    "updated": 1518659677
  },
  {
    "id": "ff412335-f4aa-4f5d-97f8-afe5996bf969",
    "data": [
      {
        "text": "512",
        "alias": "number",
        "meta": "@sys.number",
        "userDefined": false
      },
      {
        "text": "회 로또확인",
        "userDefined": false
      }
    ],
    "isTemplate": false,
    "count": 0,
    "updated": 1518659677
  },
  {
    "id": "3b15fd92-bd38-4d3f-8460-6fb051996530",
    "data": [
      {
        "text": "383",
        "alias": "number",
        "meta": "@sys.number",
        "userDefined": false
      },
      {
        "text": "회의 로또번호는",
        "userDefined": false
      }
    ],
    "isTemplate": false,
    "count": 0,
    "updated": 1518659677
  },
  {
    "id": "99219669-24e2-4ab4-8929-2c0acfca689e",
    "data": [
      {
        "text": "232",
        "alias": "number",
        "meta": "@sys.number",
        "userDefined": false
      },
      {
        "text": "회 로또번호를 알려줘",
        "userDefined": false
      }
    ],
    "isTemplate": false,
    "count": 0,
    "updated": 1518659677
  },
  {
    "id": "ce307251-1a4b-47f6-b123-b9f20fd2542c",
    "data": [
      {
        "text": "283",
        "alias": "number",
        "meta": "@sys.number",
        "userDefined": false
      },
      {
        "text": "번호는",
        "userDefined": false
      }
    ],
    "isTemplate": false,
    "count": 0,
    "updated": 1518659677
  },
  {
    "id": "6aebb8c5-b99c-4652-809c-29adf2c6758b",
    "data": [
      {
        "text": "700",
        "alias": "number",
        "meta": "@sys.number",
        "userDefined": false
      },
      {
        "text": "회 로또번호",
        "userDefined": false
      }
    ],
    "isTemplate": false,
    "count": 0,
    "updated": 1518659677
  },
  {
    "id": "207860f6-90e1-490c-aec2-ac8836749a74",
    "data": [
      {
        "text": "700",
        "alias": "number",
        "meta": "@sys.number",
        "userDefined": false
      },
      {
        "text": "회차의 로또번호",
        "userDefined": false
      }
    ],
    "isTemplate": false,
    "count": 0,
    "updated": 1518659677
  },
  {
    "id": "21d2dbbc-ab65-4e07-9cfd-821e78124c78",
    "data": [
      {
        "text": "434",
        "alias": "number",
        "meta": "@sys.number",
        "userDefined": false
      },
      {
        "text": "회의 로또번호",
        "userDefined": false
      }
    ],
    "isTemplate": false,
    "count": 0,
    "updated": 1518659677
  },
  {
    "id": "b5f5d03f-2391-4939-b6ac-ddc0c39eef52",
    "data": [
      {
        "text": "260",
        "alias": "number",
        "meta": "@sys.number",
        "userDefined": false
      },
      {
        "text": "회차 로또번호 확인",
        "userDefined": false
      }
    ],
    "isTemplate": false,
    "count": 0,
    "updated": 1518659677
  },
  {
    "id": "b7982567-195a-476d-a033-04b81c2a1aa3",
    "data": [
      {
        "text": "638",
        "alias": "number",
        "meta": "@sys.number",
        "userDefined": false
      },
      {
        "text": "회 로또확인",
        "userDefined": false
      }
    ],
    "isTemplate": false,
    "count": 0,
    "updated": 1518659677
  },
  {
    "id": "74cbc425-13cb-4ca3-bfbd-cbdb1a5daff9",
    "data": [
      {
        "text": "694",
        "alias": "number",
        "meta": "@sys.number",
        "userDefined": false
      },
      {
        "text": "회 로또",
        "userDefined": false
      }
    ],
    "isTemplate": false,
    "count": 0,
    "updated": 1518659677
  },
  {
    "id": "ada11ad2-7f64-4ec4-8083-116077952707",
    "data": [
      {
        "text": "385",
        "alias": "number",
        "meta": "@sys.number",
        "userDefined": false
      },
      {
        "text": "번호 확인",
        "userDefined": false
      }
    ],
    "isTemplate": false,
    "count": 0,
    "updated": 1518659677
  },
  {
    "id": "2bf5834b-1855-42f4-af75-05ae3f3df54b",
    "data": [
      {
        "text": "298",
        "alias": "number",
        "meta": "@sys.number",
        "userDefined": false
      },
      {
        "text": " 로또번호",
        "userDefined": false
      }
    ],
    "isTemplate": false,
    "count": 0,
    "updated": 1518659677
  },
  {
    "id": "fe5bf04d-1efa-452c-a436-6daf6a8fd68b",
    "data": [
      {
        "text": "387",
        "alias": "number",
        "meta": "@sys.number",
        "userDefined": false
      },
      {
        "text": "회차 로또번호",
        "userDefined": false
      }
    ],
    "isTemplate": false,
    "count": 0,
    "updated": 1518659677
  },
  {
    "id": "ffa4a758-c6c3-4894-b0ea-0e075761790d",
    "data": [
      {
        "text": "388",
        "alias": "number",
        "meta": "@sys.number",
        "userDefined": false
      },
      {
        "text": "로또 번호 확인",
        "userDefined": false
      }
    ],
    "isTemplate": false,
    "count": 0,
    "updated": 1518659677
  }
]