[
  {
    "id": "5e095ce9-8989-4bdd-a9a5-6cc1116fabdd",
    "data": [
      {
        "text": "이번 회차 로또 번호",
        "userDefined": false
      }
    ],
    "isTemplate": false,
    "count": 0
  },
  {
    "id": "68ebdca8-fbe4-4ad4-982c-32f89b5f3278",
    "data": [
      {
        "text": "이번",
        "meta": "@sys.ignore",
        "userDefined": false
      },
      {
        "text": "회차 로또번호",
        "userDefined": false
      }
    ],
    "isTemplate": false,
    "count": 0,
    "updated": 1514443584
  },
  {
    "id": "fe0127ff-ef22-42e9-8af2-2eae7ab6c6a6",
    "data": [
      {
        "text": "저번 로또번호",
        "userDefined": false
      }
    ],
    "isTemplate": false,
    "count": 0,
    "updated": 1518663319
  },
  {
    "id": "04dd2dbf-16c2-4670-8a6a-f2971607a8b6",
    "data": [
      {
        "text": "이번주",
        "meta": "@sys.ignore",
        "userDefined": false
      },
      {
        "text": " 로또번호",
        "userDefined": false
      }
    ],
    "isTemplate": false,
    "count": 0,
    "updated": 1514443584
  },
  {
    "id": "96cb5868-b8f2-488b-bb61-83ac337aeb0d",
    "data": [
      {
        "text": "이번",
        "meta": "@sys.ignore",
        "userDefined": false
      },
      {
        "text": "의 로또번호",
        "userDefined": false
      }
    ],
    "isTemplate": false,
    "count": 0,
    "updated": 1514443584
  },
  {
    "id": "1833b2c2-d547-459e-9e69-71acc4e07096",
    "data": [
      {
        "text": "이번주",
        "meta": "@sys.ignore",
        "userDefined": false
      },
      {
        "text": " 로또번호는 어떻게 되었어",
        "userDefined": false
      }
    ],
    "isTemplate": false,
    "count": 0,
    "updated": 1518663319
  },
  {
    "id": "7ee964aa-9915-47e8-afff-24217d2f7d9d",
    "data": [
      {
        "text": "지금 로또번호",
        "userDefined": false
      }
    ],
    "isTemplate": false,
    "count": 0,
    "updated": 1514443584
  },
  {
    "id": "c6c4e849-8357-4d47-87e3-21556dd43cab",
    "data": [
      {
        "text": "로또 확인",
        "userDefined": false
      }
    ],
    "isTemplate": false,
    "count": 0,
    "updated": 1514443584
  },
  {
    "id": "ed1b0418-30f2-40a5-afec-0654fb6f38ab",
    "data": [
      {
        "text": "저번 로또번호는?",
        "userDefined": false
      }
    ],
    "isTemplate": false,
    "count": 0,
    "updated": 1518663319
  },
  {
    "id": "254dc001-ed07-4911-ae9f-bb99e1617fc6",
    "data": [
      {
        "text": "이번",
        "meta": "@sys.ignore",
        "userDefined": false
      },
      {
        "text": " 로또번호",
        "userDefined": false
      }
    ],
    "isTemplate": false,
    "count": 0,
    "updated": 1514443584
  },
  {
    "id": "3b720df5-6e68-4dd9-863a-72ba5045f2e3",
    "data": [
      {
        "text": "이번주",
        "meta": "@sys.ignore",
        "userDefined": false
      },
      {
        "text": " 로또번호는",
        "userDefined": false
      }
    ],
    "isTemplate": false,
    "count": 0,
    "updated": 1518663319
  },
  {
    "id": "ebb4cac1-976f-4122-9bdc-ace977f27385",
    "data": [
      {
        "text": "이번",
        "meta": "@sys.ignore",
        "userDefined": false
      },
      {
        "text": " 로또번호를 알려줘",
        "userDefined": false
      }
    ],
    "isTemplate": false,
    "count": 0,
    "updated": 1518663319
  },
  {
    "id": "0cf70f63-17a1-4321-8193-023425261c86",
    "data": [
      {
        "text": "저번 로또번호는 어떻게 되었니",
        "userDefined": false
      }
    ],
    "isTemplate": false,
    "count": 0,
    "updated": 1518663319
  },
  {
    "id": "b5ebe17c-2f4d-4778-ac66-ec9c14c97e51",
    "data": [
      {
        "text": "이번주",
        "meta": "@sys.ignore",
        "userDefined": false
      },
      {
        "text": " 로또번호를 알려줘",
        "userDefined": false
      }
    ],
    "isTemplate": false,
    "count": 0,
    "updated": 1518663319
  },
  {
    "id": "9f4e73a0-75f9-44e4-8031-0af60639dfb3",
    "data": [
      {
        "text": "이번",
        "meta": "@sys.ignore",
        "userDefined": false
      },
      {
        "text": "회차 로또",
        "userDefined": false
      }
    ],
    "isTemplate": false,
    "count": 0,
    "updated": 1514443584
  },
  {
    "id": "3bd8e24c-dfd4-4331-802d-e87a99fd2275",
    "data": [
      {
        "text": "이번",
        "meta": "@sys.ignore",
        "userDefined": false
      },
      {
        "text": " 로또",
        "userDefined": false
      }
    ],
    "isTemplate": false,
    "count": 1,
    "updated": 1514443584
  },
  {
    "id": "8eb0a92d-3443-471c-bbf1-907e6280d3b5",
    "data": [
      {
        "text": "로또번호 확인",
        "userDefined": false
      }
    ],
    "isTemplate": false,
    "count": 0,
    "updated": 1514443584
  }
]