[
  {
    "id": "5e705326-f92d-4077-a502-5a2a89866ccc",
    "data": [
      {
        "text": "로또번호 ",
        "userDefined": false
      },
      {
        "text": "만",
        "meta": "@sys.ignore",
        "userDefined": false
      },
      {
        "text": "들기",
        "userDefined": false
      }
    ],
    "isTemplate": false,
    "count": 0,
    "updated": 1514443457
  },
  {
    "id": "765a1733-ed32-4c00-83f7-de2afc7dc225",
    "data": [
      {
        "text": "로또번호",
        "userDefined": false
      }
    ],
    "isTemplate": false,
    "count": 0,
    "updated": 1514443457
  },
  {
    "id": "7ef980a4-4d2a-4ed4-ad56-3e9118dbf065",
    "data": [
      {
        "text": "로또번호 ",
        "userDefined": false
      },
      {
        "text": "만",
        "meta": "@sys.ignore",
        "userDefined": false
      },
      {
        "text": "들어줘",
        "userDefined": false
      }
    ],
    "isTemplate": false,
    "count": 0,
    "updated": 1514443457
  },
  {
    "id": "54950940-8650-45db-8769-5c30a4254427",
    "data": [
      {
        "text": "로또번호 생성",
        "userDefined": false
      }
    ],
    "isTemplate": false,
    "count": 0,
    "updated": 1514443457
  },
  {
    "id": "3cb76b9b-da06-49bd-b0a5-7fb445bf08a5",
    "data": [
      {
        "text": "로또번호생성",
        "userDefined": false
      }
    ],
    "isTemplate": false,
    "count": 0,
    "updated": 1514443457
  }
]