[
  {
    "id": "1a8b527f-4af6-43d2-b4b7-72d56bde926b",
    "data": [
      {
        "text": "메뉴얼",
        "userDefined": false
      }
    ],
    "isTemplate": false,
    "count": 0,
    "updated": 1518691031
  },
  {
    "id": "b7f3982d-e82e-4705-a6b0-9d0ccc89a664",
    "data": [
      {
        "text": "사",
        "meta": "@sys.ignore",
        "userDefined": false
      },
      {
        "text": "용방법",
        "userDefined": false
      }
    ],
    "isTemplate": false,
    "count": 0,
    "updated": 1518691031
  },
  {
    "id": "0b290a0c-cfef-468f-ab6a-e87bb8f94dff",
    "data": [
      {
        "text": "도움말",
        "userDefined": false
      }
    ],
    "isTemplate": false,
    "count": 0,
    "updated": 1518691031
  },
  {
    "id": "cf1a674e-d89c-4b6f-9abf-47586316ecc3",
    "data": [
      {
        "text": "도움",
        "userDefined": false
      }
    ],
    "isTemplate": false,
    "count": 0,
    "updated": 1518691031
  },
  {
    "id": "cf2d13b1-0c16-47d7-abed-311c9f4603f5",
    "data": [
      {
        "text": "매뉴",
        "userDefined": false
      }
    ],
    "isTemplate": false,
    "count": 0,
    "updated": 1518691031
  },
  {
    "id": "0eecb2ae-82ae-4f81-9ec4-2988cda7aef1",
    "data": [
      {
        "text": "헬프",
        "userDefined": false
      }
    ],
    "isTemplate": false,
    "count": 0,
    "updated": 1518691031
  },
  {
    "id": "b340f617-ab24-45cc-adde-39cadddf55f5",
    "data": [
      {
        "text": "매뉴얼",
        "userDefined": false
      }
    ],
    "isTemplate": false,
    "count": 0,
    "updated": 1518691031
  }
]