[
  {
    "id": "3df27a14-1055-4b54-b16e-9e2092c82e28",
    "data": [
      {
        "text": "다",
        "userDefined": false
      },
      {
        "text": "시",
        "meta": "@sys.ignore",
        "userDefined": false
      },
      {
        "text": " 들려줘",
        "userDefined": false
      }
    ],
    "isTemplate": false,
    "count": 0,
    "updated": 1518659294
  },
  {
    "id": "525e38f5-2274-4d8f-bcbd-622dd2cfea20",
    "data": [
      {
        "text": "repeat",
        "userDefined": false
      }
    ],
    "isTemplate": false,
    "count": 0,
    "updated": 1518659294
  },
  {
    "id": "571a62d8-3e29-4c50-98ea-ac609a27078d",
    "data": [
      {
        "text": "다",
        "userDefined": false
      },
      {
        "text": "시",
        "meta": "@sys.ignore",
        "userDefined": false
      },
      {
        "text": "듣기",
        "userDefined": false
      }
    ],
    "isTemplate": false,
    "count": 0,
    "updated": 1518659294
  },
  {
    "id": "de0c5c70-255c-4cd5-86b8-28fbfc8ee955",
    "data": [
      {
        "text": "다",
        "userDefined": false
      },
      {
        "text": "시",
        "meta": "@sys.ignore",
        "userDefined": false
      },
      {
        "text": " 들려줄래",
        "userDefined": false
      }
    ],
    "isTemplate": false,
    "count": 0,
    "updated": 1518659294
  },
  {
    "id": "8ead2590-d3cb-41cd-9883-8f02dbe997b5",
    "data": [
      {
        "text": "리핏",
        "userDefined": false
      }
    ],
    "isTemplate": false,
    "count": 0,
    "updated": 1518659294
  },
  {
    "id": "3b0fb660-2666-4c2b-b140-ca1160a59e11",
    "data": [
      {
        "text": "리핏트",
        "userDefined": false
      }
    ],
    "isTemplate": false,
    "count": 0,
    "updated": 1518659294
  },
  {
    "id": "22be0cc3-d583-41c3-b37b-2cb7d0b331e8",
    "data": [
      {
        "text": "다",
        "userDefined": false
      },
      {
        "text": "시",
        "meta": "@sys.ignore",
        "userDefined": false
      }
    ],
    "isTemplate": false,
    "count": 0,
    "updated": 1518659294
  }
]