[
  {
    "id": "b28a8be7-d2df-40e0-a7fd-a7158b020748",
    "data": [
      {
        "text": "수능 얼마나 남음",
        "userDefined": false
      }
    ],
    "isTemplate": false,
    "count": 0
  },
  {
    "id": "5e7b4cfc-df1d-4276-86f3-67b76084c849",
    "data": [
      {
        "text": "수능 얼마나 남았어",
        "userDefined": false
      }
    ],
    "isTemplate": false,
    "count": 0
  },
  {
    "id": "06d572c6-80eb-47e9-a64f-7f0ab3952fe8",
    "data": [
      {
        "text": "수능 타이머",
        "userDefined": false
      }
    ],
    "isTemplate": false,
    "count": 0
  },
  {
    "id": "a2810191-40e4-4f35-be48-6701de7e1d7d",
    "data": [
      {
        "text": "수학능력 시험 얼마나 남았어",
        "userDefined": false
      }
    ],
    "isTemplate": false,
    "count": 0
  },
  {
    "id": "8f3e3477-c057-447a-871b-852789f8cdae",
    "data": [
      {
        "text": "수능 얼마나 남았는지 알려줘",
        "userDefined": false
      }
    ],
    "isTemplate": false,
    "count": 0
  }
]