[
  {
    "id": "0c9aa322-7d8f-42b9-802b-6cf920d9fad3",
    "data": [
      {
        "text": "2",
        "meta": "@sys.ignore",
        "userDefined": false
      },
      {
        "text": "호선 화장실",
        "userDefined": false
      }
    ],
    "isTemplate": false,
    "count": 0
  },
  {
    "id": "bb1c0094-189b-491b-81e0-59693f2c66ae",
    "data": [
      {
        "text": "지하철 화장실 알려줘",
        "userDefined": false
      }
    ],
    "isTemplate": false,
    "count": 0
  },
  {
    "id": "94790966-bb50-4c91-a6d9-ef7e37977c11",
    "data": [
      {
        "text": "엘 프사이 콩그루",
        "userDefined": false
      }
    ],
    "isTemplate": false,
    "count": 0
  }
]