[
  {
    "id": "6cbc969f-9086-4606-bfd4-7bc781a6466a",
    "data": [
      {
        "text": "그만하기",
        "userDefined": false
      }
    ],
    "isTemplate": false,
    "count": 0
  },
  {
    "id": "0df87596-229d-488d-aef8-027f2922f43c",
    "data": [
      {
        "text": "끝내기",
        "userDefined": false
      }
    ],
    "isTemplate": false,
    "count": 0
  },
  {
    "id": "3e79312a-816d-4803-8280-6f311361446d",
    "data": [
      {
        "text": "종료",
        "userDefined": false
      }
    ],
    "isTemplate": false,
    "count": 0
  },
  {
    "id": "1f038f42-971e-48df-8e7d-3a2b82880a46",
    "data": [
      {
        "text": "exit",
        "userDefined": false
      }
    ],
    "isTemplate": false,
    "count": 0
  },
  {
    "id": "f913aa78-bf44-4014-8984-760cd782dae7",
    "data": [
      {
        "text": "그만두기",
        "userDefined": false
      }
    ],
    "isTemplate": false,
    "count": 0
  },
  {
    "id": "0a4553fa-0fa9-4cd4-8658-54118f46f837",
    "data": [
      {
        "text": "나갈래",
        "userDefined": false
      }
    ],
    "isTemplate": false,
    "count": 0
  },
  {
    "id": "ba09dd17-d01e-44ae-af0b-a34384323eef",
    "data": [
      {
        "text": "End",
        "userDefined": false
      }
    ],
    "isTemplate": false,
    "count": 0
  }
]