[
  {
    "id": "46e9faab-1258-45c1-a9a4-60cc4f900a38",
    "data": [
      {
        "text": "도움!",
        "userDefined": false
      }
    ],
    "isTemplate": false,
    "count": 0
  },
  {
    "id": "b7f0784b-642f-4d2e-b20c-af03352646ad",
    "data": [
      {
        "text": "도움말",
        "userDefined": false
      }
    ],
    "isTemplate": false,
    "count": 0
  },
  {
    "id": "6e23ae3b-9114-45bb-b0a8-306886511e5f",
    "data": [
      {
        "text": "매뉴",
        "userDefined": false
      }
    ],
    "isTemplate": false,
    "count": 0
  },
  {
    "id": "80af115a-0ac5-4536-89e2-af8f3dbff60d",
    "data": [
      {
        "text": "매뉴얼",
        "userDefined": false
      }
    ],
    "isTemplate": false,
    "count": 0
  },
  {
    "id": "825a6558-ea8c-4415-96ba-edc65110f699",
    "data": [
      {
        "text": "메뉴얼",
        "userDefined": false
      }
    ],
    "isTemplate": false,
    "count": 0
  },
  {
    "id": "cf5ed0be-15e3-4711-8184-c13e385bb43c",
    "data": [
      {
        "text": "메뉴",
        "userDefined": false
      }
    ],
    "isTemplate": false,
    "count": 0
  },
  {
    "id": "9c9093e6-c18d-4f53-9f3a-9ea8093d4038",
    "data": [
      {
        "text": "헬프",
        "userDefined": false
      }
    ],
    "isTemplate": false,
    "count": 0
  }
]