[
  {
    "id": "471279e6-0dd4-4a11-acd7-bb5df254dfd4",
    "data": [
      {
        "text": "이전으로 가기",
        "userDefined": false
      }
    ],
    "isTemplate": false,
    "count": 0
  },
  {
    "id": "c6bfea03-b361-489e-b8db-eb2cfcfda0e6",
    "data": [
      {
        "text": "이전",
        "userDefined": false
      }
    ],
    "isTemplate": false,
    "count": 0
  },
  {
    "id": "f957f8b9-4f88-4ceb-a5ea-1eaea1e83875",
    "data": [
      {
        "text": "이전 재생",
        "userDefined": false
      }
    ],
    "isTemplate": false,
    "count": 0
  }
]