[
  {
    "id": "592f698c-f84c-42fb-9d6a-5dd5d6faaccb",
    "data": [
      {
        "text": "다시 재생",
        "userDefined": false
      }
    ],
    "isTemplate": false,
    "count": 0
  },
  {
    "id": "3fa2141d-ebc6-4cea-8a6e-e57e41efb65f",
    "data": [
      {
        "text": "다시",
        "userDefined": false
      }
    ],
    "isTemplate": false,
    "count": 0
  },
  {
    "id": "1b0e120e-5783-4e72-a8d6-f8190fa1266d",
    "data": [
      {
        "text": "다시듣기",
        "userDefined": false
      }
    ],
    "isTemplate": false,
    "count": 0
  }
]