[
  {
    "id": "f1726796-c4dc-4629-a545-e4929076edf9",
    "data": [
      {
        "text": "도림천",
        "alias": "station",
        "meta": "@station",
        "userDefined": false
      },
      {
        "text": " 정보",
        "userDefined": false
      }
    ],
    "isTemplate": false,
    "count": 0
  },
  {
    "id": "a4d1478c-99ef-4568-a13f-58e70cd847a4",
    "data": [
      {
        "text": "구로디지털단지",
        "alias": "station",
        "meta": "@station",
        "userDefined": false
      }
    ],
    "isTemplate": false,
    "count": 0
  },
  {
    "id": "97b175e9-9db6-48eb-807e-14a1cf8f5bf8",
    "data": [
      {
        "text": "시청역",
        "alias": "station",
        "meta": "@station",
        "userDefined": false
      }
    ],
    "isTemplate": false,
    "count": 0
  },
  {
    "id": "675c4297-3d78-49bf-9676-67df52c62dec",
    "data": [
      {
        "text": "서초역",
        "alias": "station",
        "meta": "@station",
        "userDefined": false
      }
    ],
    "isTemplate": false,
    "count": 0
  },
  {
    "id": "1c4b8d9c-dfeb-475c-97fa-e1358f471dd1",
    "data": [
      {
        "text": "을지로입구역",
        "alias": "station",
        "meta": "@station",
        "userDefined": false
      }
    ],
    "isTemplate": false,
    "count": 0
  },
  {
    "id": "efcafacc-bb11-4b8b-ae66-2eea1a93e270",
    "data": [
      {
        "text": "상왕십리 역",
        "alias": "station",
        "meta": "@station",
        "userDefined": false
      },
      {
        "text": " 화장실 정보를 알려줘",
        "userDefined": false
      }
    ],
    "isTemplate": false,
    "count": 0
  },
  {
    "id": "7abf2b79-cca1-49ab-98c1-b4bb54488a4c",
    "data": [
      {
        "text": "사당역",
        "alias": "station",
        "meta": "@station",
        "userDefined": true
      },
      {
        "text": " 화장실",
        "userDefined": false
      }
    ],
    "isTemplate": false,
    "count": 0
  }
]