[
  {
    "id": "3985c9c9-5d40-4e60-90f5-50b95ae62996",
    "data": [
      {
        "text": "성우가 민트초코를 좋아하는지 알고싶어",
        "userDefined": false
      }
    ],
    "isTemplate": false,
    "count": 0
  },
  {
    "id": "24991b9d-83f6-411a-a83c-fa7448699fa6",
    "data": [
      {
        "text": "성우와 초코민트",
        "userDefined": false
      }
    ],
    "isTemplate": false,
    "count": 0
  },
  {
    "id": "ae5eb6b2-25b8-4ea8-980a-15220b8960b2",
    "data": [
      {
        "text": "토쿠이 소라",
        "alias": "seiyu",
        "meta": "@seiyu",
        "userDefined": true
      },
      {
        "text": "는 민트초코 좋아해",
        "userDefined": false
      }
    ],
    "isTemplate": false,
    "count": 0
  },
  {
    "id": "bb0e81c8-b560-45f6-b2b9-c41b110fd3c4",
    "data": [
      {
        "text": "성우와 민트쵸코",
        "userDefined": false
      }
    ],
    "isTemplate": false,
    "count": 0
  },
  {
    "id": "b9f5cd52-ad84-4f9b-81a0-384e780d5523",
    "data": [
      {
        "text": "성우와 민트초코",
        "userDefined": false
      }
    ],
    "isTemplate": false,
    "count": 0
  },
  {
    "id": "8b2d0e55-6a49-4148-b0d0-d54d0e7e5159",
    "data": [
      {
        "text": "성우와 쵸코민트",
        "userDefined": false
      }
    ],
    "isTemplate": false,
    "count": 0
  }
]