[
  {
    "id": "1857b35b-e962-4d91-8eca-bb80f56c8cba",
    "data": [
      {
        "text": "그만두기",
        "userDefined": false
      }
    ],
    "isTemplate": false,
    "count": 0
  },
  {
    "id": "e4a53f1b-f978-45d8-8e83-49206c34319c",
    "data": [
      {
        "text": "종료하기",
        "userDefined": false
      }
    ],
    "isTemplate": false,
    "count": 0
  },
  {
    "id": "38990b1f-4c64-4085-9e0c-9bc895a02f42",
    "data": [
      {
        "text": "끝내기",
        "userDefined": false
      }
    ],
    "isTemplate": false,
    "count": 0
  }
]