[
  {
    "id": "26e0d6a8-c450-442c-9630-0b88e99d1803",
    "data": [
      {
        "text": "도움말",
        "userDefined": false
      }
    ],
    "isTemplate": false,
    "count": 0
  },
  {
    "id": "b9f97201-1424-4a8d-bc39-c73d2bfbbff1",
    "data": [
      {
        "text": "넌 어떤게 가능하니",
        "userDefined": false
      }
    ],
    "isTemplate": false,
    "count": 0
  },
  {
    "id": "322a1e60-6a15-418e-994f-c4de5b2a34a6",
    "data": [
      {
        "text": "설명서",
        "userDefined": false
      }
    ],
    "isTemplate": false,
    "count": 0
  },
  {
    "id": "b7d7e815-9b0f-4ef3-8fa9-117944810985",
    "data": [
      {
        "text": "헬프",
        "userDefined": false
      }
    ],
    "isTemplate": false,
    "count": 0
  }
]