[
  {
    "id": "d3e84064-d263-46f8-b425-234e97fd1637",
    "data": [
      {
        "text": "다시재생",
        "userDefined": false
      }
    ],
    "isTemplate": false,
    "count": 0
  },
  {
    "id": "39d6d7fa-9cb8-4935-ac0c-cd1dd9018d51",
    "data": [
      {
        "text": "다시듣기",
        "userDefined": false
      }
    ],
    "isTemplate": false,
    "count": 0
  },
  {
    "id": "2cf96ee8-f56c-4904-8b81-bb6504218e20",
    "data": [
      {
        "text": "다시 들려줘",
        "userDefined": false
      }
    ],
    "isTemplate": false,
    "count": 0
  }
]