[
  {
    "id": "23e24125-4ea7-48cc-b844-6234b06d75dc",
    "data": [
      {
        "text": "쿠스다 아이나",
        "alias": "seiyu",
        "meta": "@seiyu",
        "userDefined": false
      },
      {
        "text": "를 알려줘",
        "userDefined": false
      }
    ],
    "isTemplate": false,
    "count": 0
  },
  {
    "id": "4bd5ff10-9c6c-4d35-b702-762918d5a969",
    "data": [
      {
        "text": "타무라 유카리",
        "alias": "seiyu",
        "meta": "@seiyu",
        "userDefined": false
      },
      {
        "text": "는 민트를 좋아해",
        "userDefined": false
      }
    ],
    "isTemplate": false,
    "count": 0
  }
]