[
  {
    "value": "0101",
    "synonyms": [
      "0101",
      "종로구"
    ]
  },
  {
    "value": "0119",
    "synonyms": [
      "0119",
      "양천구"
    ]
  },
  {
    "value": "0109",
    "synonyms": [
      "0109",
      "마포구"
    ]
  },
  {
    "value": "0106",
    "synonyms": [
      "0106",
      "도봉구"
    ]
  },
  {
    "value": "0125",
    "synonyms": [
      "0125",
      "금천구"
    ]
  },
  {
    "value": "0205",
    "synonyms": [
      "0205",
      "부천시"
    ]
  },
  {
    "value": "0224",
    "synonyms": [
      "0224",
      "화성시"
    ]
  },
  {
    "value": "0301",
    "synonyms": [
      "0301",
      "춘천시"
    ]
  },
  {
    "value": "0114",
    "synonyms": [
      "0114",
      "강동구"
    ]
  },
  {
    "value": "0221",
    "synonyms": [
      "0221",
      "양주시"
    ]
  },
  {
    "value": "0231",
    "synonyms": [
      "0231",
      "가평군"
    ]
  },
  {
    "value": "0302",
    "synonyms": [
      "0302",
      "원주시"
    ]
  },
  {
    "value": "0122",
    "synonyms": [
      "0122",
      "송파구"
    ]
  },
  {
    "value": "0212",
    "synonyms": [
      "0212",
      "안산시"
    ]
  },
  {
    "value": "0214",
    "synonyms": [
      "0214",
      "의왕시"
    ]
  },
  {
    "value": "0120",
    "synonyms": [
      "0120",
      "중랑구"
    ]
  },
  {
    "value": "0207",
    "synonyms": [
      "0207",
      "광명시"
    ]
  },
  {
    "value": "0220",
    "synonyms": [
      "0220",
      "용인시"
    ]
  },
  {
    "value": "0229",
    "synonyms": [
      "0229",
      "연천군"
    ]
  },
  {
    "value": "0232",
    "synonyms": [
      "0232",
      "양평군"
    ]
  },
  {
    "value": "0235",
    "synonyms": [
      "0235",
      "안성시"
    ]
  },
  {
    "value": "0123",
    "synonyms": [
      "0123",
      "광진구"
    ]
  },
  {
    "value": "0118",
    "synonyms": [
      "0118",
      "노원구"
    ]
  },
  {
    "value": "0210",
    "synonyms": [
      "0210",
      "구리시"
    ]
  },
  {
    "value": "0115",
    "synonyms": [
      "0115",
      "강서구"
    ]
  },
  {
    "value": "0102",
    "synonyms": [
      "0102",
      "서울시 중구",
      "서울특별시 중구"
    ]
  },
  {
    "value": "0107",
    "synonyms": [
      "0107",
      "서대문구"
    ]
  },
  {
    "value": "0203",
    "synonyms": [
      "0203",
      "의정부시"
    ]
  },
  {
    "value": "0213",
    "synonyms": [
      "0213",
      "오산시"
    ]
  },
  {
    "value": "0217",
    "synonyms": [
      "0217",
      "남양주시"
    ]
  },
  {
    "value": "0104",
    "synonyms": [
      "0104",
      "성동구"
    ]
  },
  {
    "value": "0121",
    "synonyms": [
      "0121",
      "서초구"
    ]
  },
  {
    "value": "0208",
    "synonyms": [
      "0208",
      "이천시"
    ]
  },
  {
    "value": "0226",
    "synonyms": [
      "0226",
      "파주시"
    ]
  },
  {
    "value": "0228",
    "synonyms": [
      "0228",
      "광주시"
    ]
  },
  {
    "value": "0108",
    "synonyms": [
      "0108",
      "은평구"
    ]
  },
  {
    "value": "0202",
    "synonyms": [
      "0202",
      "성남시"
    ]
  },
  {
    "value": "0303",
    "synonyms": [
      "0303",
      "강릉시"
    ]
  },
  {
    "value": "0116",
    "synonyms": [
      "0116",
      "구로구"
    ]
  },
  {
    "value": "0111",
    "synonyms": [
      "0111",
      "영등포구"
    ]
  },
  {
    "value": "0204",
    "synonyms": [
      "0204",
      "안양시"
    ]
  },
  {
    "value": "0206",
    "synonyms": [
      "0206",
      "동두천시"
    ]
  },
  {
    "value": "0216",
    "synonyms": [
      "0216",
      "시흥시"
    ]
  },
  {
    "value": "0236",
    "synonyms": [
      "0236",
      "김포시"
    ]
  },
  {
    "value": "0105",
    "synonyms": [
      "0105",
      "성북구"
    ]
  },
  {
    "value": "0112",
    "synonyms": [
      "0112",
      "동작구"
    ]
  },
  {
    "value": "0211",
    "synonyms": [
      "0211",
      "과천시"
    ]
  },
  {
    "value": "0230",
    "synonyms": [
      "0230",
      "포천시"
    ]
  },
  {
    "value": "0103",
    "synonyms": [
      "0103",
      "동대문구"
    ]
  },
  {
    "value": "0113",
    "synonyms": [
      "0113",
      "강남구"
    ]
  },
  {
    "value": "0209",
    "synonyms": [
      "0209",
      "평택시"
    ]
  },
  {
    "value": "0219",
    "synonyms": [
      "0219",
      "고양시"
    ]
  },
  {
    "value": "0124",
    "synonyms": [
      "0124",
      "강북구"
    ]
  },
  {
    "value": "0218",
    "synonyms": [
      "0218",
      "하남시"
    ]
  },
  {
    "value": "0222",
    "synonyms": [
      "0222",
      "여주시"
    ]
  },
  {
    "value": "0117",
    "synonyms": [
      "0117",
      "관악구"
    ]
  },
  {
    "value": "0201",
    "synonyms": [
      "0201",
      "수원시"
    ]
  },
  {
    "value": "0110",
    "synonyms": [
      "0110",
      "용산구"
    ]
  },
  {
    "value": "0215",
    "synonyms": [
      "0215",
      "군포시"
    ]
  },
  {
    "value": "0304",
    "synonyms": [
      "0304",
      "속초시"
    ]
  },
  {
    "value": "0325",
    "synonyms": [
      "0325",
      "영월군"
    ]
  },
  {
    "value": "0427",
    "synonyms": [
      "0427",
      "음성군"
    ]
  },
  {
    "value": "0526",
    "synonyms": [
      "0526",
      "부여군"
    ]
  },
  {
    "value": "0622",
    "synonyms": [
      "0622",
      "진안군"
    ]
  },
  {
    "value": "0630",
    "synonyms": [
      "0630",
      "부안군"
    ]
  },
  {
    "value": "0735",
    "synonyms": [
      "0735",
      "무안군"
    ]
  },
  {
    "value": "0805",
    "synonyms": [
      "0805",
      "영천시"
    ]
  },
  {
    "value": "0809",
    "synonyms": [
      "0809",
      "상주시"
    ]
  },
  {
    "value": "0842",
    "synonyms": [
      "0842",
      "봉화군"
    ]
  },
  {
    "value": "0908",
    "synonyms": [
      "0908",
      "김해시"
    ]
  },
  {
    "value": "0909",
    "synonyms": [
      "0909",
      "밀양시"
    ]
  },
  {
    "value": "1003",
    "synonyms": [
      "1003",
      "부산시 동구",
      "부산광역시 동구"
    ]
  },
  {
    "value": "1004",
    "synonyms": [
      "1004",
      "영도구"
    ]
  },
  {
    "value": "1006",
    "synonyms": [
      "1006",
      "동래구"
    ]
  },
  {
    "value": "1007",
    "synonyms": [
      "1007",
      "부산시 남구",
      "부산광역시 남구"
    ]
  },
  {
    "value": "1401",
    "synonyms": [
      "1401",
      "대구시 중구",
      "대구광역시 중구"
    ]
  },
  {
    "value": "1402",
    "synonyms": [
      "1402",
      "대구시 동구",
      "대구광역시 동구"
    ]
  },
  {
    "value": "1603",
    "synonyms": [
      "1603",
      "광주광역시 북구"
    ]
  },
  {
    "value": "1803",
    "synonyms": [
      "1803",
      "울산시 동구",
      "울산광역시 동구"
    ]
  },
  {
    "value": "0403",
    "synonyms": [
      "0403",
      "제천시"
    ]
  },
  {
    "value": "0530",
    "synonyms": [
      "0530",
      "홍성군"
    ]
  },
  {
    "value": "0739",
    "synonyms": [
      "0739",
      "장성군"
    ]
  },
  {
    "value": "0801",
    "synonyms": [
      "0801",
      "포항시"
    ]
  },
  {
    "value": "0802",
    "synonyms": [
      "0802",
      "경주시"
    ]
  },
  {
    "value": "0806",
    "synonyms": [
      "0806",
      "안동시"
    ]
  },
  {
    "value": "0807",
    "synonyms": [
      "0807",
      "구미시"
    ]
  },
  {
    "value": "0825",
    "synonyms": [
      "0825",
      "청송군"
    ]
  },
  {
    "value": "0834",
    "synonyms": [
      "0834",
      "성주군"
    ]
  },
  {
    "value": "0844",
    "synonyms": [
      "0844",
      "울릉군"
    ]
  },
  {
    "value": "0902",
    "synonyms": [
      "0902",
      "창원시"
    ]
  },
  {
    "value": "1002",
    "synonyms": [
      "1002",
      "부산시 서구",
      "부산광역시 서구"
    ]
  },
  {
    "value": "1008",
    "synonyms": [
      "1008",
      "부산시 북구",
      "부산광역시 북구"
    ]
  },
  {
    "value": "1015",
    "synonyms": [
      "1015",
      "사상구"
    ]
  },
  {
    "value": "1406",
    "synonyms": [
      "1406",
      "수성구"
    ]
  },
  {
    "value": "1502",
    "synonyms": [
      "1502",
      "인천광역시 동구",
      "인천시 동구"
    ]
  },
  {
    "value": "1506",
    "synonyms": [
      "1506",
      "남동구"
    ]
  },
  {
    "value": "1531",
    "synonyms": [
      "1531",
      "강화군"
    ]
  },
  {
    "value": "1702",
    "synonyms": [
      "1702",
      "대전시 중구",
      "대전광역시 중구"
    ]
  },
  {
    "value": "0604",
    "synonyms": [
      "0604",
      "남원시"
    ]
  },
  {
    "value": "0704",
    "synonyms": [
      "0704",
      "순천시"
    ]
  },
  {
    "value": "0924",
    "synonyms": [
      "0924",
      "창녕군"
    ]
  },
  {
    "value": "1101",
    "synonyms": [
      "1101",
      "제주시"
    ]
  },
  {
    "value": "1501",
    "synonyms": [
      "1501",
      "인천광역시 중구",
      "인천시 중구"
    ]
  },
  {
    "value": "1504",
    "synonyms": [
      "1504",
      "부평구"
    ]
  },
  {
    "value": "0431",
    "synonyms": [
      "0431",
      "증평군"
    ]
  },
  {
    "value": "0605",
    "synonyms": [
      "0605",
      "정읍시"
    ]
  },
  {
    "value": "0707",
    "synonyms": [
      "0707",
      "광양시"
    ]
  },
  {
    "value": "0724",
    "synonyms": [
      "0724",
      "구례군"
    ]
  },
  {
    "value": "0730",
    "synonyms": [
      "0730",
      "화순군"
    ]
  },
  {
    "value": "1011",
    "synonyms": [
      "1011",
      "부산시 강서구",
      "부산광역시 강서구"
    ]
  },
  {
    "value": "1508",
    "synonyms": [
      "1508",
      "계양구"
    ]
  },
  {
    "value": "1605",
    "synonyms": [
      "1605",
      "광주광역시 남구"
    ]
  },
  {
    "value": "1704",
    "synonyms": [
      "1704",
      "유성구"
    ]
  },
  {
    "value": "0329",
    "synonyms": [
      "0329",
      "화천군"
    ]
  },
  {
    "value": "0323",
    "synonyms": [
      "0323",
      "횡성군"
    ]
  },
  {
    "value": "0401",
    "synonyms": [
      "0401",
      "청주시"
    ]
  },
  {
    "value": "0503",
    "synonyms": [
      "0503",
      "공주시"
    ]
  },
  {
    "value": "0504",
    "synonyms": [
      "0504",
      "아산시"
    ]
  },
  {
    "value": "0425",
    "synonyms": [
      "0425",
      "진천군"
    ]
  },
  {
    "value": "0328",
    "synonyms": [
      "0328",
      "철원군"
    ]
  },
  {
    "value": "0322",
    "synonyms": [
      "0322",
      "홍천군"
    ]
  },
  {
    "value": "0306",
    "synonyms": [
      "0306",
      "태백시"
    ]
  },
  {
    "value": "0422",
    "synonyms": [
      "0422",
      "보은군"
    ]
  },
  {
    "value": "0506",
    "synonyms": [
      "0506",
      "서산시"
    ]
  },
  {
    "value": "0521",
    "synonyms": [
      "0521",
      "금산군"
    ]
  },
  {
    "value": "0527",
    "synonyms": [
      "0527",
      "서천군"
    ]
  },
  {
    "value": "0533",
    "synonyms": [
      "0533",
      "당진시"
    ]
  },
  {
    "value": "0733",
    "synonyms": [
      "0733",
      "해남군"
    ]
  },
  {
    "value": "0835",
    "synonyms": [
      "0835",
      "칠곡군"
    ]
  },
  {
    "value": "1010",
    "synonyms": [
      "1010",
      "사하구"
    ]
  },
  {
    "value": "1014",
    "synonyms": [
      "1014",
      "수영구"
    ]
  },
  {
    "value": "1403",
    "synonyms": [
      "1403",
      "대구광역시 서구",
      "대구시 서구"
    ]
  },
  {
    "value": "1901",
    "synonyms": [
      "1901",
      "세종시"
    ]
  },
  {
    "value": "0624",
    "synonyms": [
      "0624",
      "장수군"
    ]
  },
  {
    "value": "0732",
    "synonyms": [
      "0732",
      "강진군"
    ]
  },
  {
    "value": "0803",
    "synonyms": [
      "0803",
      "김천시"
    ]
  },
  {
    "value": "0827",
    "synonyms": [
      "0827",
      "영덕군"
    ]
  },
  {
    "value": "0904",
    "synonyms": [
      "0904",
      "진주시"
    ]
  },
  {
    "value": "0923",
    "synonyms": [
      "0923",
      "함안군"
    ]
  },
  {
    "value": "0937",
    "synonyms": [
      "0937",
      "함양군"
    ]
  },
  {
    "value": "1009",
    "synonyms": [
      "1009",
      "해운대구"
    ]
  },
  {
    "value": "1802",
    "synonyms": [
      "1802",
      "울산시 남구",
      "울산광역시 남구"
    ]
  },
  {
    "value": "0505",
    "synonyms": [
      "0505",
      "보령시"
    ]
  },
  {
    "value": "0625",
    "synonyms": [
      "0625",
      "임실군"
    ]
  },
  {
    "value": "0705",
    "synonyms": [
      "0705",
      "나주시"
    ]
  },
  {
    "value": "0808",
    "synonyms": [
      "0808",
      "문경시"
    ]
  },
  {
    "value": "1703",
    "synonyms": [
      "1703",
      "대전시 서구",
      "대전광역시 서구"
    ]
  },
  {
    "value": "0606",
    "synonyms": [
      "0606",
      "김제시"
    ]
  },
  {
    "value": "0734",
    "synonyms": [
      "0734",
      "영암군"
    ]
  },
  {
    "value": "0740",
    "synonyms": [
      "0740",
      "완도군"
    ]
  },
  {
    "value": "0810",
    "synonyms": [
      "0810",
      "경산시"
    ]
  },
  {
    "value": "0843",
    "synonyms": [
      "0843",
      "울진군"
    ]
  },
  {
    "value": "1031",
    "synonyms": [
      "1031",
      "기장군"
    ]
  },
  {
    "value": "1507",
    "synonyms": [
      "1507",
      "연수구"
    ]
  },
  {
    "value": "1532",
    "synonyms": [
      "1532",
      "옹진군"
    ]
  },
  {
    "value": "0738",
    "synonyms": [
      "0738",
      "영광군"
    ]
  },
  {
    "value": "0804",
    "synonyms": [
      "0804",
      "영주시"
    ]
  },
  {
    "value": "0826",
    "synonyms": [
      "0826",
      "영양군"
    ]
  },
  {
    "value": "1013",
    "synonyms": [
      "1013",
      "연제구"
    ]
  },
  {
    "value": "0731",
    "synonyms": [
      "0731",
      "장흥군"
    ]
  },
  {
    "value": "0742",
    "synonyms": [
      "0742",
      "신안군"
    ]
  },
  {
    "value": "0822",
    "synonyms": [
      "0822",
      "군위군"
    ]
  },
  {
    "value": "0823",
    "synonyms": [
      "0823",
      "의성군"
    ]
  },
  {
    "value": "0932",
    "synonyms": [
      "0932",
      "고성군"
    ]
  },
  {
    "value": "0939",
    "synonyms": [
      "0939",
      "합천군"
    ]
  },
  {
    "value": "0331",
    "synonyms": [
      "0331",
      "인제군"
    ]
  },
  {
    "value": "0402",
    "synonyms": [
      "0402",
      "충주시"
    ]
  },
  {
    "value": "0423",
    "synonyms": [
      "0423",
      "옥천군"
    ]
  },
  {
    "value": "0601",
    "synonyms": [
      "0601",
      "전주시"
    ]
  },
  {
    "value": "0621",
    "synonyms": [
      "0621",
      "완주군"
    ]
  },
  {
    "value": "0629",
    "synonyms": [
      "0629",
      "고창군"
    ]
  },
  {
    "value": "0741",
    "synonyms": [
      "0741",
      "진도군"
    ]
  },
  {
    "value": "0906",
    "synonyms": [
      "0906",
      "통영시"
    ]
  },
  {
    "value": "1801",
    "synonyms": [
      "1801",
      "울산시 중구",
      "울산광역시 중구"
    ]
  },
  {
    "value": "0430",
    "synonyms": [
      "0430",
      "단양군"
    ]
  },
  {
    "value": "0702",
    "synonyms": [
      "0702",
      "목포시"
    ]
  },
  {
    "value": "0723",
    "synonyms": [
      "0723",
      "곡성군"
    ]
  },
  {
    "value": "0922",
    "synonyms": [
      "0922",
      "의령군"
    ]
  },
  {
    "value": "1001",
    "synonyms": [
      "1001",
      "부산광역시 중구",
      "부산시 중구"
    ]
  },
  {
    "value": "0326",
    "synonyms": [
      "0326",
      "평창군"
    ]
  },
  {
    "value": "0507",
    "synonyms": [
      "0507",
      "논산시"
    ]
  },
  {
    "value": "0529",
    "synonyms": [
      "0529",
      "청양군"
    ]
  },
  {
    "value": "0537",
    "synonyms": [
      "0537",
      "태안군"
    ]
  },
  {
    "value": "0602",
    "synonyms": [
      "0602",
      "군산시"
    ]
  },
  {
    "value": "0703",
    "synonyms": [
      "0703",
      "여수시"
    ]
  },
  {
    "value": "0832",
    "synonyms": [
      "0832",
      "청도군"
    ]
  },
  {
    "value": "0935",
    "synonyms": [
      "0935",
      "하동군"
    ]
  },
  {
    "value": "1102",
    "synonyms": [
      "1102",
      "서귀포시"
    ]
  },
  {
    "value": "1505",
    "synonyms": [
      "1505",
      "인천광역시 서구",
      "인천시 서구"
    ]
  },
  {
    "value": "1604",
    "synonyms": [
      "1604",
      "광산구"
    ]
  },
  {
    "value": "1705",
    "synonyms": [
      "1705",
      "대덕구"
    ]
  },
  {
    "value": "0305",
    "synonyms": [
      "0305",
      "동해시"
    ]
  },
  {
    "value": "0307",
    "synonyms": [
      "0307",
      "삼척시"
    ]
  },
  {
    "value": "0330",
    "synonyms": [
      "0330",
      "양구군"
    ]
  },
  {
    "value": "0508",
    "synonyms": [
      "0508",
      "계룡시"
    ]
  },
  {
    "value": "0603",
    "synonyms": [
      "0603",
      "익산시"
    ]
  },
  {
    "value": "0722",
    "synonyms": [
      "0722",
      "담양군"
    ]
  },
  {
    "value": "0728",
    "synonyms": [
      "0728",
      "고흥군"
    ]
  },
  {
    "value": "0840",
    "synonyms": [
      "0840",
      "예천군"
    ]
  },
  {
    "value": "0911",
    "synonyms": [
      "0911",
      "양산시"
    ]
  },
  {
    "value": "0934",
    "synonyms": [
      "0934",
      "남해군"
    ]
  },
  {
    "value": "1404",
    "synonyms": [
      "1404",
      "대구광역시 남구",
      "대구시 남구"
    ]
  },
  {
    "value": "1431",
    "synonyms": [
      "1431",
      "달성군"
    ]
  },
  {
    "value": "1602",
    "synonyms": [
      "1602",
      "광주광역시 서구"
    ]
  },
  {
    "value": "1831",
    "synonyms": [
      "1831",
      "울주군"
    ]
  },
  {
    "value": "0333",
    "synonyms": [
      "0333",
      "양양군"
    ]
  },
  {
    "value": "0327",
    "synonyms": [
      "0327",
      "정선군"
    ]
  },
  {
    "value": "0332",
    "synonyms": [
      "0332",
      "고성군"
    ]
  },
  {
    "value": "0424",
    "synonyms": [
      "0424",
      "영동군"
    ]
  },
  {
    "value": "0531",
    "synonyms": [
      "0531",
      "예산군"
    ]
  },
  {
    "value": "0627",
    "synonyms": [
      "0627",
      "순창군"
    ]
  },
  {
    "value": "0729",
    "synonyms": [
      "0729",
      "보성군"
    ]
  },
  {
    "value": "0833",
    "synonyms": [
      "0833",
      "고령군"
    ]
  },
  {
    "value": "0938",
    "synonyms": [
      "0938",
      "거창군"
    ]
  },
  {
    "value": "1012",
    "synonyms": [
      "1012",
      "금정구"
    ]
  },
  {
    "value": "0426",
    "synonyms": [
      "0426",
      "괴산군"
    ]
  },
  {
    "value": "0502",
    "synonyms": [
      "0502",
      "천안시"
    ]
  },
  {
    "value": "0623",
    "synonyms": [
      "0623",
      "무주군"
    ]
  },
  {
    "value": "0737",
    "synonyms": [
      "0737",
      "함평군"
    ]
  },
  {
    "value": "0907",
    "synonyms": [
      "0907",
      "사천시"
    ]
  },
  {
    "value": "0910",
    "synonyms": [
      "0910",
      "거제시"
    ]
  },
  {
    "value": "0936",
    "synonyms": [
      "0936",
      "산청군"
    ]
  },
  {
    "value": "1005",
    "synonyms": [
      "1005",
      "부산진구"
    ]
  },
  {
    "value": "1405",
    "synonyms": [
      "1405",
      "대구광역시 북구",
      "대구시 북구"
    ]
  },
  {
    "value": "1407",
    "synonyms": [
      "1407",
      "달서구"
    ]
  },
  {
    "value": "1503",
    "synonyms": [
      "1503",
      "미추홀구"
    ]
  },
  {
    "value": "1601",
    "synonyms": [
      "1601",
      "광주광역시 동구"
    ]
  },
  {
    "value": "1701",
    "synonyms": [
      "1701",
      "대전광역시 동구",
      "대전시 동구"
    ]
  },
  {
    "value": "1804",
    "synonyms": [
      "1804",
      "울산시 북구",
      "울산광역시 북구"
    ]
  }
]