[
  {
    "value": "18",
    "synonyms": [
      "18",
      "울산시",
      "울산광역시",
      "울산"
    ]
  },
  {
    "value": "11",
    "synonyms": [
      "11",
      "제주시",
      "제주",
      "제주도"
    ]
  },
  {
    "value": "15",
    "synonyms": [
      "15",
      "인천",
      "인천시",
      "인천광역시"
    ]
  },
  {
    "value": "01",
    "synonyms": [
      "01",
      "서울",
      "서울시",
      "서울특별시"
    ]
  },
  {
    "value": "06",
    "synonyms": [
      "06",
      "전북도",
      "전북",
      "전라북도"
    ]
  },
  {
    "value": "08",
    "synonyms": [
      "08",
      "경북도",
      "경북",
      "경상북도"
    ]
  },
  {
    "value": "03",
    "synonyms": [
      "03",
      "강원",
      "강원도",
      "강원도의 힘"
    ]
  },
  {
    "value": "14",
    "synonyms": [
      "14",
      "대구시",
      "대구광역시",
      "대구"
    ]
  },
  {
    "value": "09",
    "synonyms": [
      "09",
      "경남",
      "경남도",
      "경상남도"
    ]
  },
  {
    "value": "10",
    "synonyms": [
      "10",
      "부싼",
      "부산",
      "부산광역시",
      "부산시"
    ]
  },
  {
    "value": "17",
    "synonyms": [
      "17",
      "대전시",
      "대전",
      "대전광역시"
    ]
  },
  {
    "value": "02",
    "synonyms": [
      "02",
      "경기도",
      "경기"
    ]
  },
  {
    "value": "05",
    "synonyms": [
      "05",
      "충남",
      "충청남도",
      "충남도"
    ]
  },
  {
    "value": "04",
    "synonyms": [
      "04",
      "충북",
      "충청북도",
      "충북도"
    ]
  },
  {
    "value": "07",
    "synonyms": [
      "07",
      "전남",
      "전라남도",
      "전남도"
    ]
  },
  {
    "value": "16",
    "synonyms": [
      "16",
      "광주",
      "광주광역시",
      "광주시"
    ]
  },
  {
    "value": "19",
    "synonyms": [
      "19",
      "세종",
      "세종시",
      "세종특별시",
      "세종특별자치시"
    ]
  }
]