[
  {
    "value": "B027",
    "synonyms": [
      "휘발유",
      "가솔린"
    ]
  },
  {
    "value": "B034",
    "synonyms": [
      "B034",
      "고급 휘발유",
      "고오급 휘발유",
      "엔크린",
      "Kixx"
    ]
  },
  {
    "value": "C004",
    "synonyms": [
      "C004",
      "실내등유",
      "등유",
      "보일러용 등유"
    ]
  },
  {
    "value": "K015",
    "synonyms": [
      "K015",
      "자동차부탄",
      "자동차용 부탄",
      "부탄",
      "부탄가스",
      "가스"
    ]
  },
  {
    "value": "D047",
    "synonyms": [
      "D047",
      "디젤",
      "경유",
      "자동차용 경유",
      "자동차 경유"
    ]
  }
]