[
  {
    "value": "경동택배",
    "synonyms": [
      "경동택배",
      "경동",
      "경동화물",
      "경동화물택배"
    ]
  },
  {
    "value": "SLX",
    "synonyms": [
      "SLX",
      "에스엘엑스",
      "에스엘엑스택배"
    ]
  },
  {
    "value": "로젠택배",
    "synonyms": [
      "로젠택배",
      "로젠"
    ]
  },
  {
    "value": "우체국 EMS",
    "synonyms": [
      "우체국 EMS",
      "이엠에스",
      "EMS",
      "ems",
      "우체국 이엠에스",
      "우체국 이엠세스"
    ]
  },
  {
    "value": "한진택배",
    "synonyms": [
      "한진택배",
      "한진",
      "한민족의 전진",
      "땅콩택배",
      "한민족의 전진택배"
    ]
  },
  {
    "value": "편의점택배",
    "synonyms": [
      "편의점택배",
      "편의점",
      "GS25",
      "지에스25",
      "씨유",
      "시유",
      "씨유편의점",
      "CU",
      "CU편의점"
    ]
  },
  {
    "value": "일본우정",
    "synonyms": [
      "일본우정",
      "닛폰유빈교쿠",
      "JP POST",
      "JAPAN POST",
      "일본우체국"
    ]
  },
  {
    "value": "드림택배",
    "synonyms": [
      "KG",
      "KG택배",
      "옐로우캡",
      "황건적택배",
      "드림택배",
      "KGB택배",
      "러시아택배",
      "KGB",
      "케이지비",
      "드림"
    ]
  },
  {
    "value": "CJ대한통운",
    "synonyms": [
      "CJ대한통운",
      "씨제이",
      "대한통운",
      "CJ",
      "대한통운택배",
      "CJ대한통운택배",
      "CJ택배",
      "씨제이택배",
      "시제이택배",
      "시제이"
    ]
  },
  {
    "value": "롯데택배",
    "synonyms": [
      "롯데택배",
      "롯데",
      "좆데"
    ]
  },
  {
    "value": "우체국",
    "synonyms": [
      "우체국",
      "우체국택배"
    ]
  }
]