[
  {
    "id": "07c2438b-cafa-4580-a423-afc13f5c42c5",
    "data": [
      {
        "text": "おしまい",
        "userDefined": false
      }
    ],
    "isTemplate": false,
    "count": 0,
    "updated": 1531448977
  },
  {
    "id": "f3819566-f2c4-4338-9a13-ce4eb1b2f0c7",
    "data": [
      {
        "text": "さようなら",
        "userDefined": false
      }
    ],
    "isTemplate": false,
    "count": 0,
    "updated": 1531448977
  },
  {
    "id": "2ab7846a-44e4-460c-ba52-1a8cdb9f2298",
    "data": [
      {
        "text": "終わり",
        "userDefined": false
      }
    ],
    "isTemplate": false,
    "count": 0,
    "updated": 1531448977
  },
  {
    "id": "b86d722d-2a41-478e-aab3-07a7bd45c3cf",
    "data": [
      {
        "text": "バイバイ",
        "userDefined": false
      }
    ],
    "isTemplate": false,
    "count": 0,
    "updated": 1531448977
  },
  {
    "id": "462d0844-4721-4e35-8557-6601369653d2",
    "data": [
      {
        "text": "終了",
        "userDefined": false
      }
    ],
    "isTemplate": false,
    "count": 0,
    "updated": 1531448977
  },
  {
    "id": "4951d169-8b10-47ef-b643-28d9b961ada1",
    "data": [
      {
        "text": "ストップ",
        "userDefined": false
      }
    ],
    "isTemplate": false,
    "count": 0,
    "updated": 1531448977
  }
]