[
  {
    "id": "afc53564-7dc6-46bf-924b-b336825c1e6e",
    "data": [
      {
        "text": "그만두기",
        "userDefined": false
      }
    ],
    "isTemplate": false,
    "count": 0
  },
  {
    "id": "fa7b6adb-6b25-467b-b880-38b98629a020",
    "data": [
      {
        "text": "끝내기",
        "userDefined": false
      }
    ],
    "isTemplate": false,
    "count": 0
  },
  {
    "id": "1bcd36b5-5471-4911-ba66-fcad930fd86c",
    "data": [
      {
        "text": "나가기",
        "userDefined": false
      }
    ],
    "isTemplate": false,
    "count": 0
  },
  {
    "id": "af90b3ef-47c9-419e-9d4e-fd19d1f7cee3",
    "data": [
      {
        "text": "종료",
        "userDefined": false
      }
    ],
    "isTemplate": false,
    "count": 0
  }
]