[
  {
    "id": "5a924a25-9879-4749-9d57-b043d735738a",
    "data": [
      {
        "text": "빗썸의 ",
        "userDefined": false
      },
      {
        "text": "이더리움",
        "alias": "currency",
        "meta": "@currency",
        "userDefined": false
      },
      {
        "text": " 얼마",
        "userDefined": false
      }
    ],
    "isTemplate": false,
    "count": 0
  },
  {
    "id": "3d315c43-dd9f-4dc9-8445-d911c108486c",
    "data": [
      {
        "text": "가상화폐 시세를 알고싶어",
        "userDefined": false
      }
    ],
    "isTemplate": false,
    "count": 0
  },
  {
    "id": "477e4b7a-04b6-4cb2-bb5a-104b431541e3",
    "data": [
      {
        "text": "빗썸 가상화폐 시세를 알려줘",
        "userDefined": false
      }
    ],
    "isTemplate": false,
    "count": 0
  },
  {
    "id": "06ae1b0e-e790-4e67-8541-59983b4b6404",
    "data": [
      {
        "text": "빗썸 ",
        "userDefined": false
      },
      {
        "text": "비트코인",
        "meta": "@sys.ignore",
        "userDefined": false
      },
      {
        "text": " ",
        "userDefined": false
      },
      {
        "text": "세시",
        "meta": "@sys.ignore",
        "userDefined": false
      }
    ],
    "isTemplate": false,
    "count": 0
  },
  {
    "id": "b835a7bd-38d4-4b94-8c45-1fb30c146f19",
    "data": [
      {
        "text": "빗썸 ",
        "userDefined": false
      },
      {
        "text": "비트코인",
        "alias": "currency",
        "meta": "@currency",
        "userDefined": false
      },
      {
        "text": " 얼마야",
        "userDefined": false
      }
    ],
    "isTemplate": false,
    "count": 0
  },
  {
    "id": "292afefe-3ba3-479e-bbfc-b73ef5be3fac",
    "data": [
      {
        "text": "가상화폐 거래소 시세",
        "userDefined": false
      }
    ],
    "isTemplate": false,
    "count": 0
  },
  {
    "id": "9b8ad202-5007-409e-9ebf-be4e633d985b",
    "data": [
      {
        "text": "빗썸 시세를 알려줘",
        "userDefined": false
      }
    ],
    "isTemplate": false,
    "count": 0
  },
  {
    "id": "1b397ad9-e185-42e2-b386-c7a33b468ada",
    "data": [
      {
        "text": "빗썸 ",
        "userDefined": false
      },
      {
        "text": "이더리움",
        "meta": "@sys.ignore",
        "userDefined": false
      },
      {
        "text": " 시세",
        "userDefined": false
      }
    ],
    "isTemplate": false,
    "count": 0
  }
]