[
  {
    "id": "a0be92fd-fd89-42c1-8a48-7c32c1189c74",
    "data": [
      {
        "text": "어떤게 가능해",
        "userDefined": false
      }
    ],
    "isTemplate": false,
    "count": 0,
    "updated": 1514475507
  },
  {
    "id": "e4d5774e-1d54-41f1-b7de-aac532081b15",
    "data": [
      {
        "text": "도움말",
        "userDefined": false
      }
    ],
    "isTemplate": false,
    "count": 0
  },
  {
    "id": "68c52bfb-676c-4f18-b506-b7627005772a",
    "data": [
      {
        "text": "헬프",
        "userDefined": false
      }
    ],
    "isTemplate": false,
    "count": 1,
    "updated": 1514475507
  },
  {
    "id": "2d27fe33-37cc-4cad-91eb-ebecdbd00247",
    "data": [
      {
        "text": "무엇",
        "userDefined": false
      },
      {
        "text": "이",
        "meta": "@sys.ignore",
        "userDefined": false
      },
      {
        "text": " 가능해",
        "userDefined": false
      }
    ],
    "isTemplate": false,
    "count": 0,
    "updated": 1514475507
  },
  {
    "id": "0cd43119-c960-4e50-b75d-62dcb5e9c4aa",
    "data": [
      {
        "text": "매뉴얼",
        "userDefined": false
      }
    ],
    "isTemplate": false,
    "count": 0,
    "updated": 1514475507
  },
  {
    "id": "a851b811-989a-434c-bee5-41c81910da6d",
    "data": [
      {
        "text": "메뉴얼",
        "userDefined": false
      }
    ],
    "isTemplate": false,
    "count": 0,
    "updated": 1514475507
  }
]