[
  {
    "id": "30de46fd-aec1-48b8-a622-ee10b12d21c7",
    "data": [
      {
        "text": "나가기",
        "userDefined": false
      }
    ],
    "isTemplate": false,
    "count": 0
  },
  {
    "id": "4d57f64a-1ef7-4b0b-8f1c-56c040416c55",
    "data": [
      {
        "text": "앱 끝내기",
        "userDefined": false
      }
    ],
    "isTemplate": false,
    "count": 0
  },
  {
    "id": "d8963cea-12ac-4f87-9b4d-6ba21f0d9629",
    "data": [
      {
        "text": "종료",
        "userDefined": false
      }
    ],
    "isTemplate": false,
    "count": 0,
    "updated": 1514462218
  },
  {
    "id": "fa447960-99fe-4cdc-857c-e0c0b88506aa",
    "data": [
      {
        "text": "앱 종료",
        "userDefined": false
      }
    ],
    "isTemplate": false,
    "count": 0,
    "updated": 1514462218
  },
  {
    "id": "08121e64-329e-4b0b-8c0c-350722fd4fa1",
    "data": [
      {
        "text": "끝내기",
        "userDefined": false
      }
    ],
    "isTemplate": false,
    "count": 0,
    "updated": 1514462218
  }
]