[
  {
    "id": "c35556d2-5ce8-49da-a0c2-40b168a9bf8d",
    "data": [
      {
        "text": "지원되",
        "userDefined": false
      },
      {
        "text": "는",
        "meta": "@sys.ignore",
        "userDefined": false
      },
      {
        "text": " 코인",
        "userDefined": false
      }
    ],
    "isTemplate": false,
    "count": 0
  },
  {
    "id": "e21e31b7-6758-418e-8448-54033e102dba",
    "data": [
      {
        "text": "지원되",
        "userDefined": false
      },
      {
        "text": "는 가",
        "meta": "@sys.ignore",
        "userDefined": false
      },
      {
        "text": "상화폐",
        "userDefined": false
      }
    ],
    "isTemplate": false,
    "count": 0
  },
  {
    "id": "11461b31-b681-4301-b181-e266135e08f9",
    "data": [
      {
        "text": "되",
        "userDefined": false
      },
      {
        "text": "는",
        "meta": "@sys.ignore",
        "userDefined": false
      },
      {
        "text": " 코인 알려줘",
        "userDefined": false
      }
    ],
    "isTemplate": false,
    "count": 0
  },
  {
    "id": "eb704837-0668-4bae-a0b5-c052016a520e",
    "data": [
      {
        "text": "알려줄 ",
        "userDefined": false
      },
      {
        "text": "수",
        "meta": "@sys.ignore",
        "userDefined": false
      },
      {
        "text": " ",
        "userDefined": false
      },
      {
        "text": "있는",
        "meta": "@sys.ignore",
        "userDefined": false
      },
      {
        "text": " 코인",
        "userDefined": false
      }
    ],
    "isTemplate": false,
    "count": 0
  }
]