[
  {
    "id": "b9c7f3af-c4d5-4ba5-a16f-d24680a180b3",
    "data": [
      {
        "text": "나에게 명언을 알려줘",
        "userDefined": false
      }
    ],
    "isTemplate": false,
    "count": 0
  },
  {
    "id": "25b76de6-cc7f-4c70-978f-270eecd36340",
    "data": [
      {
        "text": "오늘",
        "meta": "@sys.ignore",
        "userDefined": false
      },
      {
        "text": "의 명언을 알려줘",
        "userDefined": false
      }
    ],
    "isTemplate": false,
    "count": 0
  },
  {
    "id": "50403bec-1740-43e4-8240-2f9a4a785fdc",
    "data": [
      {
        "text": "명언은 어떤게 있어",
        "userDefined": false
      }
    ],
    "isTemplate": false,
    "count": 0
  },
  {
    "id": "4e392920-bc83-40d4-88ec-9906e23e1d62",
    "data": [
      {
        "text": "명언을 말해줘",
        "userDefined": false
      }
    ],
    "isTemplate": false,
    "count": 0
  },
  {
    "id": "f9fcd21d-94a7-4361-b20a-48f058e7a1ca",
    "data": [
      {
        "text": "명언 하나 알려줘",
        "userDefined": false
      }
    ],
    "isTemplate": false,
    "count": 0
  },
  {
    "id": "e9e97443-4075-4582-ac83-1ba5da1a5f26",
    "data": [
      {
        "text": "명언 알려줄래",
        "userDefined": false
      }
    ],
    "isTemplate": false,
    "count": 0
  },
  {
    "id": "5b3208e2-362d-4241-a3c3-506f519097f0",
    "data": [
      {
        "text": "명언 말해줘",
        "userDefined": false
      }
    ],
    "isTemplate": false,
    "count": 0
  }
]