[
  {
    "id": "1d752224-7271-4dbc-8742-606c708c8c7a",
    "data": [
      {
        "text": "비트코인",
        "meta": "@sys.ignore",
        "userDefined": false
      },
      {
        "text": " ",
        "userDefined": false
      },
      {
        "text": "현재",
        "meta": "@sys.ignore",
        "userDefined": false
      },
      {
        "text": " 얼마",
        "userDefined": false
      }
    ],
    "isTemplate": false,
    "count": 0
  },
  {
    "id": "db50f01a-2ba0-4849-9e3b-f0384af03b94",
    "data": [
      {
        "text": "비트코인",
        "meta": "@sys.ignore",
        "userDefined": false
      },
      {
        "text": " 시세 알려줘",
        "userDefined": false
      }
    ],
    "isTemplate": false,
    "count": 0
  },
  {
    "id": "8a80b48f-2892-40bf-9ad5-7b84f29b6560",
    "data": [
      {
        "text": "비트코인 가격",
        "userDefined": false
      }
    ],
    "isTemplate": false,
    "count": 0
  },
  {
    "id": "86e82a14-d73e-4998-8c70-6593e59bff7a",
    "data": [
      {
        "text": "비트코인",
        "meta": "@sys.ignore",
        "userDefined": false
      },
      {
        "text": " ",
        "userDefined": false
      },
      {
        "text": "지금",
        "meta": "@sys.ignore",
        "userDefined": false
      },
      {
        "text": " 얼마야",
        "userDefined": false
      }
    ],
    "isTemplate": false,
    "count": 0
  }
]