[
  {
    "id": "b1b3bb48-cec6-4e17-b465-ad03ab25219f",
    "data": [
      {
        "text": "아니",
        "userDefined": false
      }
    ],
    "isTemplate": false,
    "count": 3,
    "updated": 1497445128
  },
  {
    "id": "3197487d-0474-4bbe-bcbd-1ba63496f4c2",
    "data": [
      {
        "text": "아니요",
        "userDefined": false
      }
    ],
    "isTemplate": false,
    "count": 0
  },
  {
    "id": "8a4b44e4-d3ce-4851-a7e6-74f8d23b4e38",
    "data": [
      {
        "text": "아니오",
        "userDefined": false
      }
    ],
    "isTemplate": false,
    "count": 0
  }
]