[
  {
    "id": "48d04b41-5cef-42cf-821b-9337709b9929",
    "data": [
      {
        "text": "전국 평균가격 조회",
        "userDefined": false
      }
    ],
    "isTemplate": false,
    "count": 0
  },
  {
    "id": "bfd1ce52-4ed0-432a-b1b1-83dfaee7383e",
    "data": [
      {
        "text": "전국 평균가격",
        "userDefined": false
      }
    ],
    "isTemplate": false,
    "count": 0
  },
  {
    "id": "3d261ecb-1dc5-4cdc-8ebb-88f19ae94ac3",
    "data": [
      {
        "text": "오늘",
        "meta": "@sys.ignore",
        "userDefined": false
      },
      {
        "text": "의  전국 평균가격",
        "userDefined": false
      }
    ],
    "isTemplate": false,
    "count": 0
  }
]