[
  {
    "id": "a557dbee-07c5-4cbf-916a-0892d7a15a36",
    "data": [
      {
        "text": "서울시",
        "alias": "cityBig",
        "meta": "@cityBig",
        "userDefined": false
      },
      {
        "text": "의 주유소 평균가",
        "userDefined": false
      }
    ],
    "isTemplate": false,
    "count": 0
  },
  {
    "id": "4d26d1cf-90c0-4a85-ac85-7b712a427bca",
    "data": [
      {
        "text": "충청남도",
        "alias": "cityBig",
        "meta": "@cityBig",
        "userDefined": false
      },
      {
        "text": "의 주유소 평균가 검색",
        "userDefined": false
      }
    ],
    "isTemplate": false,
    "count": 0
  },
  {
    "id": "4c6e34e4-88b2-43ce-98c4-53a96b027ad8",
    "data": [
      {
        "text": "세종시",
        "alias": "cityBig",
        "meta": "@cityBig",
        "userDefined": false
      },
      {
        "text": "의 주유소 평균가를 알려줘",
        "userDefined": false
      }
    ],
    "isTemplate": false,
    "count": 0
  }
]