[
  {
    "id": "4a2a30da-c908-4e94-97e4-144349b265fc",
    "data": [
      {
        "text": "아이디 ",
        "userDefined": false
      },
      {
        "text": "A0000069",
        "alias": "any",
        "meta": "@sys.any",
        "userDefined": true
      },
      {
        "text": "의 자세한 정보",
        "userDefined": false
      }
    ],
    "isTemplate": false,
    "count": 0
  },
  {
    "id": "ed40c18f-90c2-4f68-b83c-fbd72c188bde",
    "data": [
      {
        "text": "아이디 ",
        "userDefined": false
      },
      {
        "text": "A0000069",
        "alias": "any",
        "meta": "@sys.any",
        "userDefined": true
      },
      {
        "text": "의 주유소 자세한 정보",
        "userDefined": false
      }
    ],
    "isTemplate": false,
    "count": 0
  }
]