[
  {
    "id": "26be5f7c-cc45-416e-a08a-aee5546ad7ac",
    "data": [
      {
        "text": "종료",
        "userDefined": false
      }
    ],
    "isTemplate": false,
    "count": 0
  },
  {
    "id": "141ced36-c663-45b4-bd89-53d2bc538802",
    "data": [
      {
        "text": "끝내기",
        "userDefined": false
      }
    ],
    "isTemplate": false,
    "count": 0
  },
  {
    "id": "9dde1c64-1ac1-45ea-8b8a-5651e3a78cb2",
    "data": [
      {
        "text": "그만두기",
        "userDefined": false
      }
    ],
    "isTemplate": false,
    "count": 0
  },
  {
    "id": "e3859040-ea50-4446-a917-e4dd9b643552",
    "data": [
      {
        "text": "바이바이",
        "userDefined": false
      }
    ],
    "isTemplate": false,
    "count": 0
  },
  {
    "id": "8820398a-babf-44b7-88a4-288f4b013555",
    "data": [
      {
        "text": "나가기",
        "userDefined": false
      }
    ],
    "isTemplate": false,
    "count": 0
  }
]