[
  {
    "id": "7bc31cbf-f61d-4374-8aef-fd54b2d2722b",
    "data": [
      {
        "text": "도움말",
        "userDefined": false
      }
    ],
    "isTemplate": false,
    "count": 0
  },
  {
    "id": "4e40140d-e74e-47c3-b984-f34087f2ffc2",
    "data": [
      {
        "text": "헬프",
        "userDefined": false
      }
    ],
    "isTemplate": false,
    "count": 0
  },
  {
    "id": "1acc94f8-6e8e-4bf6-a65a-bb9021be167d",
    "data": [
      {
        "text": "설명서",
        "userDefined": false
      }
    ],
    "isTemplate": false,
    "count": 0
  },
  {
    "id": "ca085b11-1897-4f94-98a3-7dd51e2e005f",
    "data": [
      {
        "text": "메뉴얼",
        "userDefined": false
      }
    ],
    "isTemplate": false,
    "count": 0
  },
  {
    "id": "f4f7d7c8-0049-46a5-880d-5cf9b007ca71",
    "data": [
      {
        "text": "매뉴얼",
        "userDefined": false
      }
    ],
    "isTemplate": false,
    "count": 0
  }
]