[
  {
    "id": "8ef3f3a3-3fab-4120-988c-2f3bf4f72216",
    "data": [
      {
        "text": "중구",
        "alias": "city",
        "meta": "@city",
        "userDefined": false
      },
      {
        "text": "의 ",
        "userDefined": false
      },
      {
        "text": "가솔린",
        "alias": "oilType",
        "meta": "@oilType",
        "userDefined": false
      },
      {
        "text": " 싼곳",
        "userDefined": false
      }
    ],
    "isTemplate": false,
    "count": 0
  },
  {
    "id": "bfdc0924-602c-480d-838f-c4db215f6b3c",
    "data": [
      {
        "text": "종로구",
        "alias": "city",
        "meta": "@city",
        "userDefined": false
      },
      {
        "text": "의 ",
        "userDefined": false
      },
      {
        "text": "휘발유",
        "alias": "oilType",
        "meta": "@oilType",
        "userDefined": false
      },
      {
        "text": " 최저가",
        "userDefined": false
      }
    ],
    "isTemplate": false,
    "count": 0
  },
  {
    "id": "46425d69-ec51-4161-a476-b12cd452fc4a",
    "data": [
      {
        "text": "서구",
        "alias": "city",
        "meta": "@city",
        "userDefined": false
      },
      {
        "text": "의 ",
        "userDefined": false
      },
      {
        "text": "경유",
        "alias": "oilType",
        "meta": "@oilType",
        "userDefined": false
      },
      {
        "text": "는 어디가 싸",
        "userDefined": false
      }
    ],
    "isTemplate": false,
    "count": 0
  }
]