[
  {
    "id": "24eb3e7d-d68c-47dc-91b7-29a73719ce3b",
    "data": [
      {
        "text": "시도별 평균가",
        "userDefined": false
      }
    ],
    "isTemplate": false,
    "count": 0
  },
  {
    "id": "3e26ae8a-17b8-4742-96d0-9da4aee5c8cf",
    "data": [
      {
        "text": "시도별 평균가 검색",
        "userDefined": false
      }
    ],
    "isTemplate": false,
    "count": 0
  },
  {
    "id": "7ffdc2ac-34c5-4338-85fe-69f03ae127d1",
    "data": [
      {
        "text": "시도별 평균가 검색해 줘",
        "userDefined": false
      }
    ],
    "isTemplate": false,
    "count": 0
  }
]