[
  {
    "id": "72ae5b3f-45a2-4d01-bc93-2109426fa7d0",
    "data": [
      {
        "text": "부산시",
        "alias": "cityBig",
        "meta": "@cityBig",
        "userDefined": false
      },
      {
        "text": "의 ",
        "userDefined": false
      },
      {
        "text": "휘발유",
        "alias": "oilType",
        "meta": "@oilType",
        "userDefined": false
      },
      {
        "text": " 가격",
        "userDefined": false
      }
    ],
    "isTemplate": false,
    "count": 0
  },
  {
    "id": "41e2d169-d739-4124-8b74-5b727b847573",
    "data": [
      {
        "text": "세종시",
        "alias": "cityBig",
        "meta": "@cityBig",
        "userDefined": false
      },
      {
        "text": " ",
        "userDefined": false
      },
      {
        "text": "부탄",
        "alias": "oilType",
        "meta": "@oilType",
        "userDefined": false
      },
      {
        "text": " 가격",
        "userDefined": false
      }
    ],
    "isTemplate": false,
    "count": 0
  },
  {
    "id": "5c012c5e-8b83-4e71-b995-47c6a16fe3dd",
    "data": [
      {
        "text": "서울",
        "alias": "cityBig",
        "meta": "@cityBig",
        "userDefined": false
      },
      {
        "text": "의 시도별 ",
        "userDefined": false
      },
      {
        "text": "휘발유",
        "alias": "oilType",
        "meta": "@oilType",
        "userDefined": false
      },
      {
        "text": " 평균가 검색",
        "userDefined": false
      }
    ],
    "isTemplate": false,
    "count": 0
  },
  {
    "id": "9267f012-eda7-41f4-bb9a-136364f779e0",
    "data": [
      {
        "text": "서울",
        "alias": "cityBig",
        "meta": "@cityBig",
        "userDefined": false
      },
      {
        "text": "의 ",
        "userDefined": false
      },
      {
        "text": "휘발유",
        "alias": "oilType",
        "meta": "@oilType",
        "userDefined": false
      },
      {
        "text": " 평균가",
        "userDefined": false
      }
    ],
    "isTemplate": false,
    "count": 0
  }
]