[
  {
    "id": "f2c8bd0c-e787-45a9-b10f-320dca64d60c",
    "data": [
      {
        "text": "인천국제공항 출국장",
        "userDefined": false
      }
    ],
    "isTemplate": false,
    "count": 0
  },
  {
    "id": "36b8d20d-0ac4-4254-ac26-22c8f94a0f55",
    "data": [
      {
        "text": "인천공항 대기줄",
        "userDefined": false
      }
    ],
    "isTemplate": false,
    "count": 0
  },
  {
    "id": "dbb285ec-d2f1-486f-8962-d02fc04785d2",
    "data": [
      {
        "text": "인천공항 출국장 줄",
        "userDefined": false
      }
    ],
    "isTemplate": false,
    "count": 0
  },
  {
    "id": "1965a563-3a99-4f2d-93bd-e59e82f0225a",
    "data": [
      {
        "text": "인천공항 출국장 대기",
        "userDefined": false
      }
    ],
    "isTemplate": false,
    "count": 0
  },
  {
    "id": "c39d016b-2d92-4f61-80f2-8cc856977b3b",
    "data": [
      {
        "text": "인천공항 출국 대기줄 어느정도",
        "userDefined": false
      }
    ],
    "isTemplate": false,
    "count": 0
  },
  {
    "id": "2ce45ea5-eaa7-41b9-8f37-020310ee927c",
    "data": [
      {
        "text": "인천공항 출국 대기줄 알려줘",
        "userDefined": false
      }
    ],
    "isTemplate": false,
    "count": 0
  }
]