[
  {
    "id": "45b0196e-20fe-4857-879e-35094d6eca1a",
    "data": [
      {
        "text": "끝내기",
        "userDefined": false
      }
    ],
    "isTemplate": false,
    "count": 0
  },
  {
    "id": "2331424d-1874-4115-8343-3d6a6a075bff",
    "data": [
      {
        "text": "그만두기",
        "userDefined": false
      }
    ],
    "isTemplate": false,
    "count": 0
  },
  {
    "id": "e153746d-df8d-4f16-b64f-af5263aba6ef",
    "data": [
      {
        "text": "그만하기",
        "userDefined": false
      }
    ],
    "isTemplate": false,
    "count": 0
  },
  {
    "id": "552dbe2e-8b59-437c-afa7-2739365d09d6",
    "data": [
      {
        "text": "exit",
        "userDefined": false
      }
    ],
    "isTemplate": false,
    "count": 0
  },
  {
    "id": "c5f08241-d0fe-4bba-89a7-af7252e59492",
    "data": [
      {
        "text": "End",
        "userDefined": false
      }
    ],
    "isTemplate": false,
    "count": 0
  },
  {
    "id": "81452664-c584-4c41-83fb-21ab916f7546",
    "data": [
      {
        "text": "나갈래",
        "userDefined": false
      }
    ],
    "isTemplate": false,
    "count": 0
  },
  {
    "id": "3579e362-b3f4-4987-ac21-aed11e1c4237",
    "data": [
      {
        "text": "종료",
        "userDefined": false
      }
    ],
    "isTemplate": false,
    "count": 0
  }
]