[
  {
    "id": "21427b55-39ab-4c31-b2cf-fc6cea95a76d",
    "data": [
      {
        "text": "매뉴얼",
        "userDefined": false
      }
    ],
    "isTemplate": false,
    "count": 0
  },
  {
    "id": "dbed7bdd-262d-493b-9a3b-eb6c439bcef4",
    "data": [
      {
        "text": "메뉴얼",
        "userDefined": false
      }
    ],
    "isTemplate": false,
    "count": 0
  },
  {
    "id": "7af592ab-72c6-420f-9589-f4c3427c6a43",
    "data": [
      {
        "text": "도움!",
        "userDefined": false
      }
    ],
    "isTemplate": false,
    "count": 0
  },
  {
    "id": "526801c4-7bff-4910-af9b-6ac61088010a",
    "data": [
      {
        "text": "도움말",
        "userDefined": false
      }
    ],
    "isTemplate": false,
    "count": 0
  },
  {
    "id": "5dc2a58c-da64-44ca-b7b9-63ae56f7e038",
    "data": [
      {
        "text": "매뉴",
        "userDefined": false
      }
    ],
    "isTemplate": false,
    "count": 0
  },
  {
    "id": "eff0e778-baa4-4fc1-afe6-051bbb2c28af",
    "data": [
      {
        "text": "메뉴",
        "userDefined": false
      }
    ],
    "isTemplate": false,
    "count": 0
  },
  {
    "id": "50b9cebc-8a3d-446d-ad9e-c4b37b2b34a8",
    "data": [
      {
        "text": "헬프",
        "userDefined": false
      }
    ],
    "isTemplate": false,
    "count": 0
  }
]