[
  {
    "id": "e948b399-ac9f-4003-847a-439d39d2c8ef",
    "data": [
      {
        "text": "이전",
        "userDefined": false
      }
    ],
    "isTemplate": false,
    "count": 0
  },
  {
    "id": "06ac2c0d-b9c4-4173-8729-673cabd05d0c",
    "data": [
      {
        "text": "이전 재생",
        "userDefined": false
      }
    ],
    "isTemplate": false,
    "count": 0
  },
  {
    "id": "90486813-bd69-4e51-9b36-8ecf28f8e323",
    "data": [
      {
        "text": "이전으로 가기",
        "userDefined": false
      }
    ],
    "isTemplate": false,
    "count": 0
  }
]