[
  {
    "id": "726119e9-1c27-4b6d-b516-4603ac93dd79",
    "data": [
      {
        "text": "다시듣기",
        "userDefined": false
      }
    ],
    "isTemplate": false,
    "count": 0
  },
  {
    "id": "2e347c96-5c66-4f11-b841-4cf9b7cbcb33",
    "data": [
      {
        "text": "다시 재생",
        "userDefined": false
      }
    ],
    "isTemplate": false,
    "count": 0
  },
  {
    "id": "c2b94dbb-1ab5-4fae-928c-30da551a4193",
    "data": [
      {
        "text": "다시",
        "userDefined": false
      }
    ],
    "isTemplate": false,
    "count": 0
  }
]