[
  {
    "id": "5a346266-d6a5-4216-b43d-0afff0c2b3d1",
    "data": [
      {
        "text": "터미널1",
        "alias": "terminal",
        "meta": "@terminal",
        "userDefined": false
      },
      {
        "text": "의 상황",
        "userDefined": false
      }
    ],
    "isTemplate": false,
    "count": 0
  },
  {
    "id": "4272d6f2-2c43-47a9-81bb-426ce5532122",
    "data": [
      {
        "text": "터미널2",
        "alias": "terminal",
        "meta": "@terminal",
        "userDefined": false
      },
      {
        "text": "를 알려줘",
        "userDefined": false
      }
    ],
    "isTemplate": false,
    "count": 0
  },
  {
    "id": "f3cf8f1b-d7ac-4051-a581-ac9de0990f39",
    "data": [
      {
        "text": "터미널1",
        "alias": "terminal",
        "meta": "@terminal",
        "userDefined": false
      }
    ],
    "isTemplate": false,
    "count": 0
  },
  {
    "id": "7e15bd25-91b7-4dd7-892b-46f929639bde",
    "data": [
      {
        "text": "터미널1",
        "alias": "terminal",
        "meta": "@terminal",
        "userDefined": false
      },
      {
        "text": "의 대기인원",
        "userDefined": false
      }
    ],
    "isTemplate": false,
    "count": 0
  },
  {
    "id": "85d9a624-f4ea-45eb-9b8d-66aa31244617",
    "data": [
      {
        "text": "터미널2",
        "alias": "terminal",
        "meta": "@terminal",
        "userDefined": false
      },
      {
        "text": "의 혼잡도",
        "userDefined": false
      }
    ],
    "isTemplate": false,
    "count": 0
  }
]