[
  {
    "id": "2a83e299-12ba-4fd1-8d13-c340b3e2fdb9",
    "data": [
      {
        "text": "게임하기",
        "userDefined": false
      }
    ],
    "isTemplate": false,
    "count": 0
  },
  {
    "id": "56ccbf8d-8cd2-4d47-9634-e750a57b15a4",
    "data": [
      {
        "text": "시작",
        "userDefined": false
      }
    ],
    "isTemplate": false,
    "count": 0
  },
  {
    "id": "63d915fd-d242-4e3d-85da-735efe930418",
    "data": [
      {
        "text": "게임시작",
        "userDefined": false
      }
    ],
    "isTemplate": false,
    "count": 0
  }
]