[
  {
    "id": "3fb02f99-a044-417c-ac77-d62b3ecc4015",
    "data": [
      {
        "text": "방탄 소년단 알아",
        "userDefined": false
      }
    ],
    "isTemplate": false,
    "count": 0
  },
  {
    "id": "65f5775b-0e61-4f2f-a24f-462f63f360a7",
    "data": [
      {
        "text": "방탄소년단 퀴즈 하고싶어",
        "userDefined": false
      }
    ],
    "isTemplate": false,
    "count": 0
  },
  {
    "id": "0307c77b-1ea3-455d-9559-259a518f85fb",
    "data": [
      {
        "text": "방탄소년단 퀴즈",
        "userDefined": false
      }
    ],
    "isTemplate": false,
    "count": 0
  }
]