[
  {
    "id": "f473b1d9-fb0d-4d3b-a4a4-1df085ae1474",
    "data": [
      {
        "text": "End",
        "userDefined": false
      }
    ],
    "isTemplate": false,
    "count": 0
  },
  {
    "id": "d89a3a25-125f-4ef7-a0d4-b228d438e636",
    "data": [
      {
        "text": "나갈래",
        "userDefined": false
      }
    ],
    "isTemplate": false,
    "count": 0
  },
  {
    "id": "8cfa7007-2007-40de-94ca-7060472e3181",
    "data": [
      {
        "text": "그만하기",
        "userDefined": false
      }
    ],
    "isTemplate": false,
    "count": 0
  },
  {
    "id": "083bbc01-b373-410d-993e-d4b4611e2747",
    "data": [
      {
        "text": "그만두기",
        "userDefined": false
      }
    ],
    "isTemplate": false,
    "count": 0
  },
  {
    "id": "b33c051e-d2da-4b04-a40d-b5c0d005a0d9",
    "data": [
      {
        "text": "종료",
        "userDefined": false
      }
    ],
    "isTemplate": false,
    "count": 0
  },
  {
    "id": "f99ac0d2-18f7-4e07-a80e-3a6af1142831",
    "data": [
      {
        "text": "exit",
        "userDefined": false
      }
    ],
    "isTemplate": false,
    "count": 0
  },
  {
    "id": "6cc7e844-3d6f-4714-8849-a672729adfcf",
    "data": [
      {
        "text": "끝내기",
        "userDefined": false
      }
    ],
    "isTemplate": false,
    "count": 0
  }
]