[
  {
    "id": "a2e99ec8-3e8d-49f0-8b6d-18051e331c61",
    "data": [
      {
        "text": "3",
        "alias": "number",
        "meta": "@sys.number",
        "userDefined": false
      },
      {
        "text": "번",
        "userDefined": false
      }
    ],
    "isTemplate": false,
    "count": 0
  },
  {
    "id": "0bbf84dc-b3d8-46ec-af4f-796b5e6d24b6",
    "data": [
      {
        "text": "2",
        "alias": "number",
        "meta": "@sys.number",
        "userDefined": false
      },
      {
        "text": "번",
        "userDefined": false
      }
    ],
    "isTemplate": false,
    "count": 0
  },
  {
    "id": "72a37564-081f-4d8d-af30-5cb1a987c767",
    "data": [
      {
        "text": "1",
        "alias": "number",
        "meta": "@sys.number",
        "userDefined": false
      },
      {
        "text": "번",
        "userDefined": false
      }
    ],
    "isTemplate": false,
    "count": 0
  }
]