[
  {
    "id": "6cf28c77-62e2-4bb0-86b8-f717577ca403",
    "data": [
      {
        "text": "뒤로가기",
        "userDefined": false
      }
    ],
    "isTemplate": false,
    "count": 0
  },
  {
    "id": "51abb1c2-ebe4-43ff-8fae-da1e6b834e1e",
    "data": [
      {
        "text": "이전으로 가기",
        "userDefined": false
      }
    ],
    "isTemplate": false,
    "count": 0
  },
  {
    "id": "67498a22-d4a7-44c8-af2c-975257118916",
    "data": [
      {
        "text": "뒤로",
        "userDefined": false
      }
    ],
    "isTemplate": false,
    "count": 0
  },
  {
    "id": "d79e36f9-e1e5-40cf-a3bd-d3841e2ea89c",
    "data": [
      {
        "text": "이전 재생",
        "userDefined": false
      }
    ],
    "isTemplate": false,
    "count": 0
  },
  {
    "id": "2a35826e-cf12-4325-a179-5d97a0796596",
    "data": [
      {
        "text": "이전",
        "userDefined": false
      }
    ],
    "isTemplate": false,
    "count": 0
  }
]