[
  {
    "id": "0f444d9f-4d64-45a4-8bf1-bd748f9bc2d3",
    "data": [
      {
        "text": "다시",
        "userDefined": false
      }
    ],
    "isTemplate": false,
    "count": 0
  },
  {
    "id": "29e273b6-fe3e-481b-a5de-0bd002a3a522",
    "data": [
      {
        "text": "다시듣기",
        "userDefined": false
      }
    ],
    "isTemplate": false,
    "count": 0
  },
  {
    "id": "1a8d216d-8411-4fb1-b0d0-0c06abdc5274",
    "data": [
      {
        "text": "다시한번 듣기",
        "userDefined": false
      }
    ],
    "isTemplate": false,
    "count": 0
  },
  {
    "id": "c531839c-a386-4267-987a-58976bba9364",
    "data": [
      {
        "text": "뭐라고",
        "userDefined": false
      }
    ],
    "isTemplate": false,
    "count": 0
  },
  {
    "id": "dc3c1bb2-7192-4ca9-871a-50e6807be38f",
    "data": [
      {
        "text": "다시 재생",
        "userDefined": false
      }
    ],
    "isTemplate": false,
    "count": 0
  }
]