[
  {
    "id": "733e46da-4abf-4708-8384-a7be88854cd5",
    "data": [
      {
        "text": "아재개그",
        "userDefined": false
      }
    ],
    "isTemplate": false,
    "count": 0
  },
  {
    "id": "deaeb607-0585-4002-aa8d-a8945f881f94",
    "data": [
      {
        "text": "등산 유머",
        "userDefined": false
      }
    ],
    "isTemplate": false,
    "count": 0
  },
  {
    "id": "15507acd-80bb-4d9a-bef5-225d67f1e376",
    "data": [
      {
        "text": "등산 유머 해줄래",
        "userDefined": false
      }
    ],
    "isTemplate": false,
    "count": 0
  },
  {
    "id": "d8821b9b-40cd-45a2-96d5-4a9f14a41db0",
    "data": [
      {
        "text": "아재 개그 해줘",
        "userDefined": false
      }
    ],
    "isTemplate": false,
    "count": 0
  },
  {
    "id": "d8e71ef9-f8b2-41d2-ac51-2e8bcd068e17",
    "data": [
      {
        "text": "부장님 개그",
        "userDefined": false
      }
    ],
    "isTemplate": false,
    "count": 0
  },
  {
    "id": "02c5708a-98d8-4990-ad10-f9f3965c3dbc",
    "data": [
      {
        "text": "부장님 개그 해줘",
        "userDefined": false
      }
    ],
    "isTemplate": false,
    "count": 0
  }
]