[
  {
    "value": "서진희",
    "synonyms": [
      "서진희"
    ]
  },
  {
    "value": "심영",
    "synonyms": [
      "심영"
    ]
  },
  {
    "value": "엄백호",
    "synonyms": [
      "엄백호",
      "컴백홈"
    ]
  },
  {
    "value": "라플레루",
    "synonyms": [
      "라플레루",
      "라프레루",
      "라플래루",
      "라플레르",
      "라 플레르"
    ]
  },
  {
    "value": "비둘기",
    "synonyms": [
      "비둘기"
    ]
  },
  {
    "value": "레너드",
    "synonyms": [
      "레널드",
      "레너드"
    ]
  },
  {
    "value": "김첨지",
    "synonyms": [
      "김첨지",
      "김창직"
    ]
  },
  {
    "value": "4달러",
    "synonyms": [
      "4달러",
      "사달라",
      "4달라"
    ]
  },
  {
    "value": "와싱턴",
    "synonyms": [
      "와싱턴",
      "화성돈",
      "워싱턴",
      "와싱톤"
    ]
  },
  {
    "value": "반 다크홈",
    "synonyms": [
      "반 다크홈"
    ]
  },
  {
    "value": "시부린",
    "synonyms": [
      "시부린"
    ]
  },
  {
    "value": "휘발유",
    "synonyms": [
      "휘발유"
    ]
  },
  {
    "value": "상하이 조",
    "synonyms": [
      "상하이 조",
      "상하이"
    ]
  }
]